case,task,repeat,condition,outcome,status,source_observation,edited_observation,rationale
J01,ag,1,curtains_closed_state,completed,partial,"The window has several light-colored curtain panels gathered near the sides, leaving most of the bright glass exposed.","The same window curtains appear gathered more tightly at the sides, but most of the window glass remains uncovered and brightly lit.","The curtains have been drawn further than in the source, with more fabric gathered toward the sides, but the window remains substantially exposed and significant light is still visible. This is an incomplete, clearly progressed closing."
J01,ag,2,curtains_closed_state,transport_error,,,,
J01,ag,1,person_action_association,completed,absent,"A seated person is beside the bright window. The curtains are open, and the person’s raised hand appears near the window area, but clear contact with the curtain is not visible.",The same person remains seated beside the window with a hand raised near the curtains. The curtains still appear open around the bright window; no clear hand-to-curtain contact or pulling is visible.,"The person is not visibly grasping or touching the curtain, and there is no clear evidence of closing action. The edited curtains do not appear more closed than in the source, so the criteria for partial or complete are not met."
J01,ag,2,person_action_association,completed,absent,"A seated person is beside the bright window. The curtains are open, and the person’s raised hand appears near the window area, but clear contact with the curtain is not visible.",The same person remains seated beside the window with a hand raised near the curtains. The curtains still appear open around the bright window; no clear hand-to-curtain contact or pulling is visible.,"The person is not visibly grasping or touching the curtain, and there is no clear evidence of closing action. The edited curtains do not appear more closed than in the source, so the criteria for partial or complete are not met."
J01,ag,1,scene_preservation,completed,partial,"The source shows a living room with a seated person, armchair, bright window and open curtains, TV and shelving unit, wall picture, coffee table, and floor items.","The edited image shows the same living room and the same major furnishings and objects, with the person still seated. The curtains are drawn more across the window, though the window remains largely uncovered and bright.","The overall scene is clearly preserved, with no evident major elements replaced or substantial background change. The curtains are more closed as requested; any differences outside the curtain state appear minor and localized, so this meets the partial criterion for scene preservation."
J01,ag,2,scene_preservation,completed,partial,"The source shows a living room with a seated person in an armchair beside bright windows with curtains, a TV and shelving unit, wall art, a coffee table, and floor items.","The edited image shows the same living room, person, armchair, TV and shelving unit, wall art, coffee table, and floor items. The curtains are drawn more closed, while the windows remain bright.","The major scene elements and overall room are preserved. There are minor localized differences beyond the curtain change, including apparent shifts in the floor items and coffee table contents, and some lighting/exposure variation, so preservation is not entirely unchanged."
J02,ag,1,cond1,completed,partial,"The woman is seated beside the shelf, with her arm extended toward it; her hand appears blurred and near the shelf, but no clear contact with a book is visible. A book lies on the shelf.","The woman’s arm extends across the shelf area, but her hand is not clearly visible grasping or touching a book. A book remains on the shelf, with no unambiguous grabbing action shown.","The source identifies the woman and the book on the shelf. In the edited image, her extended arm provides some evidence of reaching toward the shelf, but the hand-book contact and grasp are unclear, so the action is not unambiguously depicted."
J02,ag,2,cond1,completed,partial,"The woman is seated beside the shelf, with her hand extended toward the books, but it appears blurred and does not visibly grasp a book.","The woman’s arm extends across the shelf area, but her hand and any contact with a book are obscured or unclear; a book remains visible on the shelf.","The source shows the same woman and shelf-side books, with her hand already reaching toward them. In the edited image, her arm is extended toward the shelf, but there is no clear visible grasp or unambiguous hand-to-book contact. This is evidence of reaching, not a clearly depicted grab."
J02,ag,1,cond2,completed,absent,"The source shows a woman in a blue hoodie seated beside a dark monitor, with a large Starbucks mug in the foreground and a book lying horizontally on the shelf beneath the monitor. Her hand is extended toward the shelf, but the book remains on it.","The edited image retains the woman, blue hoodie, monitor, mug, and shelf area, but the scene is substantially altered: a large upright book-like object appears at the left edge, the mug and the woman's pose are distorted or changed, and the shelf contents and framing differ. The book is not clearly shown being grabbed.","The criterion concerns preservation of all other scene elements apart from changes needed for the grabbing action. The edited image has major unrelated changes to the woman’s appearance/pose, mug, shelf contents, and framing, rather than preserving the source scene. The requested action is also not clearly depicted."
J02,ag,2,cond2,completed,absent,"The source shows a woman in a blue hoodie beside a dark monitor, with a large white Starbucks mug in the foreground and a book lying horizontally on the shelf beneath the monitor. The room and window are visible behind her.","The edited image retains the woman in a blue hoodie, the monitor, and the general room setting, but the foreground mug is replaced by or obscured by a large upright book-like object, the woman’s pose and arm position differ, and the shelf and objects around it appear changed. The original horizontal book is not clearly identifiable in the same position.","Major scene elements and their appearance or arrangement have changed beyond what is necessary to depict grabbing the book: the mug is no longer visible as such, a prominent book-like object appears in the foreground, and the shelf contents and layout differ. The scene is not preserved as required."
J03,ag,1,cond1,completed,unknown,"A front-loading laundry machine is visible, and its round door is swung open toward the left, leaving the drum opening exposed.","The edited image shows blue machines or cabinets, but the source laundry machine and its round door are not identifiable; the door's state cannot be assessed.","The target door from the source is not visible or identifiable in the edited image, so it is not possible to determine whether it was closed."
J03,ag,2,cond1,completed,unknown,"A front-loading laundry machine is visible, and its round door is swung open toward the left, leaving the drum opening exposed.","The edited image shows blue machines or cabinets, but the source laundry machine and its round door are not identifiable; the door's state cannot be assessed.","The target door from the source is not visible or identifiable in the edited image, so it is not possible to determine whether it was closed."
J03,ag,1,cond2,completed,absent,"The source shows a person beside a front-loading laundry machine with its round door open. Wooden louvered doors are on the left, and a narrow window or glass panel is on the right.","The edited image shows blue machines or cabinets in the room, with wooden paneling at left and a glass panel at right. The person and the front-loading machine visible in the source are not shown, so the laundry door and the rest of the scene cannot be matched reliably.","The edited image substantially changes the visible scene: the person and front-loading laundry machine are replaced by blue units, and the room layout and visible contents differ. This goes beyond closing the laundry door and meets the criterion for absent."
J03,ag,2,cond2,completed,absent,"The source shows a person beside a front-loading laundry machine with its round door open. Wooden louvered doors are on the left, and a narrow window or glass panel is on the right.","The edited image shows blue machines or cabinets in the room, with wooden paneling at left and a glass panel at right. The person and the front-loading machine visible in the source are not shown, so the laundry door and the rest of the scene cannot be matched reliably.","The edited image substantially changes the visible scene: the person and front-loading laundry machine are replaced by blue units, and the room layout and visible contents differ. This goes beyond closing the laundry door and meets the criterion for absent."
J04,ag,1,stand_up_upright,completed,complete,"The source shows one clearly visible person bent forward at the waist, leaning over a table with one arm extended downward. His body is not upright.","The edited image shows a person standing vertically with legs extended and torso mostly straight, though his hands are held together low in front of him rather than visibly being looked at. A second person is only partly visible at the left edge.",The source subject who was not upright is visibly standing upright in the edited image. The upright-posture criterion is met; the instruction to look at his hands is not part of this condition.
J04,ag,2,stand_up_upright,completed,complete,"The source shows one clearly visible person bent forward at the waist, leaning over a table with one arm extended downward. His body is not upright.","The edited image shows a person standing vertically with legs extended and torso mostly straight, though his hands are held together low in front of him rather than visibly being looked at. A second person is only partly visible at the left edge.",The source subject who was not upright is visibly standing upright in the edited image. The upright-posture criterion is met; the instruction to look at his hands is not part of this condition.
J04,ag,1,looking_at_hands,completed,absent,"The source shows one clearly visible man bent forward beside a table, with one hand reaching down toward a patterned object. His head is angled down toward the table, but his gaze is not clearly fixed on his hand.","The edited image shows a standing man with his hands clasped low in front of him. His head and gaze are directed forward and slightly to the side, not toward his hands. A second person is only partly visible at the left edge, with no visible hands to assess.","The source target is the bent man, and the edited standing man appears to be his counterpart. In the edited image, his hands are visible but his head and gaze are directed away from them, so the required looking-at-his-own-hands condition is absent."
J04,ag,2,looking_at_hands,completed,absent,"One person is visible, bent forward beside a table with his head angled down toward a patterned item. One hand is near or touching the item, but his gaze is not clearly directed at his own hand.","The standing person holds his hands together low in front of his body, while his head and eyes are directed outward rather than toward his hands. A second person is only partly visible at the left edge, with no clear view of their hands or gaze.","The source subject is the bent-over person; the edited image does not clearly establish that this is the same person, and the visible standing subject is looking away from his hands. The partly visible second person also does not provide evidence of looking at their own hands. The requested hand-directed gaze is not evident in the edited image."
J04,ag,1,scene_preservation,completed,absent,"The source shows a dim room with a green wall, a dark doorway, and a man in a light striped shirt and plaid wrap leaning over a low white basket or table beside patterned fabric.","The edited image shows a brighter, tighter view of a man standing in blue clothing by a doorway, with part of another person visible at the left. The wall, doorway, and other scene details do not clearly match the source; the basket and patterned fabric are not visible.","The overall scene is substantially changed rather than preserved: the main subject's clothing and appearance differ, the framing and lighting are markedly different, and source objects such as the low basket/table and patterned fabric are missing. These differences go beyond the requested posture and gaze change."
J04,ag,2,scene_preservation,completed,absent,"The source shows a dim indoor room with a green wall, a dark doorway, and a man in a light striped shirt and plaid wrap leaning over a low white basket or table beside a seated person in patterned clothing.","The edited image shows a brighter, tighter view of a man standing upright in blue clothing beside a dark doorway, with part of another person visible at the left edge. The source’s low white basket or table and much of the room are not visible, and the people’s clothing and appearance differ.","The overall scene is not preserved: the edited image has substantially different subject appearance and clothing, a tighter crop, and omits prominent source elements such as the white basket or table and much of the room. These are not merely changes to posture and gaze."
J05,clevr,1,c1,completed,absent,"A small upright yellow cylinder is visible behind and to the left of the brown cube, near the left side of the scene.",No matching small upright cylinder is visible in the corresponding area; the edited scene instead shows a much larger brown cylindrical form lying on its side in the foreground.,"The source target is the tiny upright yellow cylinder. The edited image does not show a cylinder matching its small size, upright shape, and position, so the requested color change on that same object is not evident. The larger sideways brown cylinder is not a match for the original target."
J05,clevr,2,c1,completed,absent,A tiny upright yellow cylinder is visible behind and to the left of the brown cube.,"The corresponding area behind and to the left of the cube is empty; no tiny cylinder matching the source object is visible. A larger brown cylindrical-looking object appears in the foreground, but it does not match the tiny cylinder's size or position.","The source target is the small yellow cylinder at the left rear of the arrangement. It is not present at its original size and position in the edited image. The larger brown object in the foreground is not a matching counterpart, so the requested color change is not evidenced."
J05,clevr,1,c2,completed,absent,"The source shows a brown cube at the front left, a large yellow cube at the front right, two reflective spheres behind them, and a small yellow cylinder at the back left. A small yellow rounded object is also partly visible behind the large yellow cube.","The edited image shows the brown cube and two reflective spheres, but the large yellow cube and the small yellow cylinder are no longer visible. A brown cylindrical object with a bright yellow ring is prominent in the foreground; the scene layout and visible objects differ substantially from the source.","The requested target in the source is the tiny yellow cylinder at the back left, not the large yellow cube. The edited image does not show that cylinder in a way that establishes it has turned brown, and major scene elements and their arrangement have changed, including the disappearance of the large yellow cube. This fails the preservation criterion."
J05,clevr,2,c2,completed,absent,"The source shows a small upright yellow cylinder behind and to the left of the brown cube. Other visible objects include a large yellow cube, two dark reflective spheres, a small gold sphere, and a partly obscured blue object.","The edited image shows a brown cylindrical object lying on its side in the foreground, with a bright yellow ring at its near end. The brown cube and two reflective spheres remain visible, but the large yellow cube, small gold sphere, and partly obscured blue object are not visible.","The scene has major changes beyond the requested color change: the large yellow cube and other small objects are missing, and the tiny cylinder appears substantially changed in shape and orientation rather than simply turning brown. The other scene elements and relationships are not preserved."
J06,clevr,1,c1,completed,absent,"The source contains a prominent large purple sphere near the lower center-right, in front of a red cube and beside a yellow cube.","The corresponding prominent purple sphere remains in the lower center-right, in front of the red cube and beside the yellow cube. It appears about the same size as in the source, not visibly reduced.","The matching sphere is identifiable by its purple color, prominent position, and neighboring objects. Its size is not visibly smaller in the edited image; the other purple sphere farther back does not appear to be the target. Thus the requested reduction is absent."
J06,clevr,2,c1,completed,absent,"The source contains a prominent large purple sphere near the lower center-right, in front of a red cube and beside a yellow cube.","The corresponding prominent purple sphere remains in the lower center-right, in front of the red cube and beside the yellow cube. It appears about the same size as in the source, not visibly reduced.","The matching sphere is identifiable by its purple color, prominent position, and neighboring objects. Its size is not visibly smaller in the edited image; the other purple sphere farther back does not appear to be the target. Thus the requested reduction is absent."
J06,clevr,1,c2,completed,absent,"The source shows several geometric objects on a gray floor, including a large purple sphere near the front-right; the other objects and their arrangement are visible around it.","The edited image retains the same general set of objects and arrangement, but the gray sphere at the back-left is now purple. Other objects also show noticeable shifts in position and appearance, including the front purple sphere, cubes, and cylinders.","The criterion concerns preservation of all scene content other than the target purple sphere's size. Although the front purple sphere appears smaller, the back-left gray sphere has changed color to purple, and multiple other objects have shifted or changed appearance. These are alterations beyond the intended size change, so preservation is not satisfied."
J06,clevr,2,c2,completed,absent,"The source shows several geometric objects on a gray floor, including a large purple sphere near the front-right; the other objects and their arrangement are visible around it.","The edited image retains the same general set of objects and arrangement, but the gray sphere at the back-left is now purple. Other objects also show noticeable shifts in position and appearance, including the front purple sphere, cubes, and cylinders.","The criterion concerns preservation of all scene content other than the target purple sphere's size. Although the front purple sphere appears smaller, the back-left gray sphere has changed color to purple, and multiple other objects have shifted or changed appearance. These are alterations beyond the intended size change, so preservation is not satisfied."
J07,clevr,1,remove_green_shiny_block,completed,absent,"A large glossy green cube is clearly visible on the right side of the scene, with a dark top and bright reflective edges.",The same large glossy green cube remains clearly visible on the right side of the scene; its shape and reflective green surfaces are intact.,"The target green shiny block is still fully present and clearly visible in the edited image, with no sign of removal."
J07,clevr,2,remove_green_shiny_block,completed,absent,"A large glossy green cube is clearly visible on the right side of the scene, with a bright reflective edge.",The same glossy green cube remains clearly visible on the right side of the scene; it is still intact and reflective.,"The target green shiny block is present in the source and remains fully visible in the edited image, with no sign of removal."
J07,clevr,1,preserve_scene_except_target,completed,absent,"The source shows a scene of colored geometric objects on a gray floor. The green shiny block is the large reflective green cube on the right; other visible objects include a matte green cube near the back, a purple cylinder and sphere, a teal sphere, two yellow cubes, a dark metallic block, and a small brown block.","The large reflective green cube on the right is still present. The other objects remain recognizable in roughly the same arrangement, though several appear slightly shifted or changed in size or position compared with the source.","The requested green shiny block was not removed: the reflective green cube remains clearly visible on the right. The rest of the scene is largely preserved, but the target-removal requirement is unmet."
J07,clevr,2,preserve_scene_except_target,completed,absent,"The source shows a gray studio background and a group of colored geometric objects. The green shiny block is the large glossy dark-green cube on the right. Other visible objects include a matte green cube near the back, two yellow-green cubes, a black rectangular block, a purple sphere and cylinder, a teal sphere, a green sphere, and a small brown block.","The large glossy dark-green cube on the right is still present. The other objects remain recognizable, but several appear shifted or changed in size and position relative to the source; the background and shadows also differ slightly.","The requested green shiny block was not removed: the same large glossy dark-green cube remains on the right. Although the rest of the scene is broadly recognizable, the target removal itself is absent, so the preservation condition is not met."
J08,clevr,1,c1,completed,absent,"The source shows several small objects on a gray surface. A tiny purple cylinder is behind the larger blue cylinder; the small yellow object is the short yellow cylinder near the lower left, in front of a dark cube.","The edited image is a different, blurry scene with overlaid text and colored objects. I cannot identify a small object corresponding in location, size, and shape to the source’s yellow cylinder; no clearly matching purple object is visible.","The target in the source is the short yellow cylinder near the lower left, not the pre-existing purple cylinder behind the blue one. The edited image does not show a recognizable counterpart to that yellow cylinder, so the requested color change is not evidenced."
J08,clevr,2,c1,completed,absent,"The source contains several small objects. The tiny yellow object is the short yellow cylinder near the lower-left area, in front of a dark cube.","The edited image is a substantially different, blurry scene with overlaid text. No clearly identifiable yellow cylinder corresponding in location, size, and shape to the source object is visible.","The source target is the small yellow cylinder. In the edited image, there is no recognizable counterpart at its source location and form, and the image does not show that object turned purple. The condition therefore meets the absent criterion."
J08,clevr,1,c2,completed,absent,The source shows a gray floor with several colored cylinders and spheres; the tiny yellow object is a small yellow cylinder near the lower left. The other objects are arranged around a large teal sphere near the center.,"The edited image shows a different-looking scene with overlaid text, a pale floor, block-like objects, and a bright green irregular object near the center. The source’s other objects and their arrangement are not visibly preserved.","The scene beyond the target has been substantially altered: the original cylinders and spheres, including the large teal sphere and small red sphere, are missing or replaced, and the layout and background differ. This exceeds minor localized changes, so preservation of the rest of the scene is absent."
J08,clevr,2,c2,completed,absent,"The source shows a gray floor with several colored geometric objects, including a large teal sphere near the center, blue and purple cylinders, a small yellow cylinder near the left, and a small dark red sphere on the right.","The edited image is a substantially different, blurry scene with overlaid text and differently shaped or colored objects. The original arrangement and several source objects, including the teal sphere and small yellow cylinder, are not visibly preserved.","The criterion concerns preservation of the entire scene apart from the tiny yellow object's color. The edited image has major changes to the objects, background appearance, and layout, rather than only a localized color change. These differences exceed minor artifacts or shifts, so preservation is absent."
J09,emu,1,c1,completed,partial,"The source is a clear, realistic-looking photograph of a skier beneath a red START banner, with a snowy course, trees, and blue sky.","The edited image retains recognizable parts of the skier and snowy course, but large areas are distorted by oversized tan, feather-like forms. Some sky, snow, and trees have soft, blotchy color washes, while other details remain sharp or photographic; the scene is not consistently rendered as watercolor.","The edited image shows watercolor-like washes and bleeding in substantial portions, but the effect is uneven and the original photographic appearance remains in parts. The scene is also heavily distorted, though enough of it remains recognizable to assess the style."
J09,emu,2,c1,completed,partial,"The source is a clear, realistic-looking photograph of a skier beneath a red START banner, with a snowy course, trees, and blue sky.","The edited image retains recognizable parts of the skier and snowy scene, but large distorted tan forms obscure much of the skier and banner. Some areas have soft, blurred color washes, while other details remain sharply photographic or distorted rather than consistently hand-painted.","There is visible wash-like coloration in portions of the edited image, but the watercolor effect is inconsistent and the image is substantially obscured and distorted. It does not show a clear, consistent watercolor treatment across the whole image."
J09,emu,1,c2,completed,partial,"A skier stands in the foreground beneath a large white START banner with red lettering. The skier wears a brown hat, blue-and-white top, and brown pants, holding ski poles; snowy ground, a line of trees, and blue sky fill the background.","The snowy course, tree line, and sky remain visible in a watercolor-like rendering, and parts of the skier’s blue clothing, brown pants, and ski poles can still be matched. However, the skier’s upper body and head are heavily distorted into large tan forms, and the START banner and its lettering are no longer recognizable.","Distinctive parts of the source scene, including the snowy layout, trees, and portions of the skier’s clothing and pose, remain locally recognizable, but major subjects and scene details are substantially obscured or distorted. This meets the partial criterion rather than complete preservation."
J09,emu,2,c2,completed,partial,"The source shows a skier in a blue-and-white bib and brown pants beneath a large red START banner, with a snowy course, evergreen trees, and a blue sky.","The edited image retains the snowy course, tree line, sky, and parts of the skier’s blue clothing and brown pants, but the skier’s upper body and the banner area are heavily distorted into large, indistinct forms. The scene has watercolor-like washes and blurred edges.","Some distinctive scene elements and clothing colors remain matchable, so the source scene is not entirely replaced. However, the main subject and banner are substantially distorted and the overall composition is less recognizable, meeting the partial criterion rather than complete."
J10,emu,1,cartoon_style_applied,completed,partial,"The entire image is a realistic bedroom scene with natural-looking furniture, curtains, bedding, and lighting; there are no clear cartoon-style features.","The bedroom scene remains largely photorealistic, with realistic textures and lighting. A small picture on the wall has been changed to a colorful, cartoon-like drawing, but the rest of the image is not stylized.","There is visible cartoon styling in the small wall picture, but it is limited to that element while the rest of the image remains photorealistic. This is a recognizable but incomplete application of cartoon style."
J10,emu,2,cartoon_style_applied,completed,partial,"The entire image is a realistic bedroom scene with natural-looking furniture, curtains, bedding, and lighting; there are no clear cartoon-style features.","The bedroom scene remains largely photorealistic, with realistic textures and lighting. A small picture on the wall has been changed to a colorful, cartoon-like drawing, but the rest of the image is not stylized.","There is visible cartoon styling in the small wall picture, but it is limited to that element while the rest of the image remains photorealistic. This is a recognizable but incomplete application of cartoon style."
J10,emu,1,source_scene_preserved,completed,complete,"The source shows a bedroom with patterned curtains and a window, a dark dresser, two folding luggage stands with bags, a small wall picture, a bed at right, and a coral-colored chair in the foreground.","The edited image retains the same bedroom layout and recognizable furnishings, including the curtains, dresser, luggage stands and bags, bed, and foreground chair. The wall picture has changed to a colorful cartoon-like drawing, but most of the scene still appears photographic rather than cartoon-rendered.","The main scene, background, and primary subjects from the source remain clearly present and recognizable in the edited image. The condition concerns preservation of the source scene, so the limited stylization and altered wall picture do not prevent a complete match."
J10,emu,2,source_scene_preserved,completed,complete,"The source shows a bedroom with patterned curtains and a window, a dark dresser, two folding luggage stands with bags, a small wall picture, a bed, and a coral-colored chair in the foreground.","The edited image retains the same bedroom layout and recognizable furnishings, including the curtains, dresser, luggage stands and bags, bed, and foreground chair. The wall picture has changed to a colorful cartoon-like drawing, but most of the scene still appears photographic rather than cartoon-rendered.","The condition concerns preservation of the source scene, not whether every part was converted to cartoon style. The main scene, background, and primary subjects remain clearly recognizable in the edited image, so preservation is complete despite the localized picture change and limited stylization."
J11,emu,1,c1,completed,partial,"The source is a blurry black-and-white photograph of two seated men wearing hats and coats inside a train carriage. The windows show bright, indistinct scenery.","The two men and carriage remain largely photographic and monochrome. The windows now contain conspicuous stylized faces with angular, fragmented features and bold outlines, but the men and most of the scene are not transformed.","The inserted window faces provide recognizable Picasso-like cubist features, including geometric fragmentation and rearranged facial elements. However, the transformation is limited to parts of the background; the main subjects and most of the scene remain a photograph, so the requested whole-image transformation is incomplete."
J11,emu,2,c1,completed,partial,A grainy black-and-white photograph shows two seated men wearing hats and coats inside a train carriage. The windows and carriage interior are visible behind them.,"The two men and train interior remain largely photographic and monochrome. The windows now contain prominent stylized faces with angular, fragmented features and bold outlines, resembling Cubist or Picasso-like artwork.","The inserted window faces provide recognizable Picasso-like geometric fragmentation, but the transformation is limited to those areas. The main subjects and most of the scene remain a standard-looking photograph, so the image does not show a complete style transformation."
J11,emu,1,c2,completed,complete,"The source shows two men wearing hats and coats seated inside a train or tram, with windows and the vehicle interior visible behind them.","The two seated men and the train interior remain recognizable. Picasso-style faces have been added in the windows, while the people and much of the original scene remain photographic rather than fully transformed.","The main subjects and overall setting from the source are clearly identifiable in the edited image. The added cubist artwork provides stylization, but the scene itself is preserved and recognizable, meeting the complete criterion."
J11,emu,2,c2,completed,complete,"The source shows two men wearing hats and coats seated inside a train or tram, with windows and the vehicle interior visible behind them.","The two seated men and the train interior remain recognizable. Picasso-style faces have been added in the windows, while the people and much of the original scene remain photographic rather than fully transformed.","The main subjects and overall setting from the source are clearly identifiable in the edited image. The added cubist artwork provides stylization, but the scene itself is preserved and recognizable, meeting the complete criterion."
J12,emu,1,style_cubism_applied,completed,absent,"The source is a naturalistic photograph of sheep grazing in a green field, with trees and hills in the background. The forms and perspective are realistic and continuous.","The edited image retains recognizable sheep and a field, but has a strongly stylized, poster-like appearance with saturated colors, softened or distorted details, and text across the top. The sheep and landscape are not clearly rendered as fragmented geometric forms or from multiple viewpoints.","The edited image shows a change in color and presentation, but there is no clear evidence of Cubist geometric abstraction, fragmented forms, or multiple perspectives. It appears to use a different stylized treatment rather than Cubism."
J12,emu,2,style_cubism_applied,completed,absent,"The source is a naturalistic photograph of several sheep grazing in a grassy field, with distant trees and hills. The forms and perspective are realistic.","The edited image retains the sheep and field but has a strongly stylized, poster-like appearance, with saturated colors, soft painterly texture, and a text banner. The sheep and landscape remain mostly recognizable and rounded; there is little clear geometric fragmentation or multiple-viewpoint treatment.","The edited image shows a change in appearance, but the visible treatment is not clearly Cubist: the scene is not substantially broken into geometric facets or fragmented forms, and no multiple perspectives are evident. The requested Cubist style is therefore absent under the stated criteria."
J12,emu,1,source_scene_preserved,completed,partial,"The source shows a green pasture with several sheep, including two prominent sheep in the foreground, with a line of trees and rolling hills in the background.","The edited image retains the pasture and recognizable sheep, including the two foreground sheep and a sheep farther back. The scene is heavily stylized and distorted, with bright colors and a large text overlay; the tree line and hills are largely obscured or lost.","The main subject and much of the pasture layout remain recognizable, so the scene has not been replaced. However, notable background elements are obscured or missing and the text overlay alters the scene, making preservation incomplete."
J12,emu,2,source_scene_preserved,transport_error,,,,
J13,epic,1,cond1,completed,complete,"The egg is on the counter near the upper center, between the two hands. The right hand is the hand entering from the right side and is reaching toward the egg; it is not visibly holding it.","The same right hand, entering from the right, is visibly holding the egg in its palm with fingers curled around it, lifting it above the counter.","The egg is clearly grasped and lifted by the right hand identified by its position in SOURCE, satisfying the complete criterion."
J13,epic,2,cond1,completed,complete,"The egg is on the counter near the upper center, between the two hands. The right hand is the hand entering from the right side and is reaching toward the egg; it is not visibly holding it.","The same right hand, entering from the right, is visibly holding the egg in its palm with fingers curled around it, lifting it above the counter.","The egg is clearly grasped and lifted by the right hand identified by its position in SOURCE, satisfying the complete criterion."
J13,epic,1,cond2,completed,partial,"The source shows a kitchen counter with papers and small items at the upper left, a dark countertop, a pan at the upper right, and the person’s arms and torso. A small egg rests on the counter near the person’s hands.","The edited image retains the same kitchen setting, counter items, pan, and person. The egg is now held in the right hand; the left hand remains over the counter. The framing and body position differ slightly, but the overall scene is preserved.","Most of the source scene remains recognizable and in place, with no major unrelated additions or removals. There are minor differences in framing and positioning, so preservation is not exact; under the stated criteria this is partial."
J13,epic,2,cond2,completed,partial,"The source shows a kitchen counter with papers and small items at the upper left, a dark countertop, a pan at the upper right, and the person’s arms and torso. A small egg rests on the counter near the person’s hands.","The edited image retains the same kitchen setting, counter items, pan, and person. The egg is now held in the right hand; the left hand remains over the counter. The framing and body position differ slightly, but the overall scene is preserved.","Most of the source scene remains recognizable and in place, with no major unrelated additions or removals. There are minor differences in framing and positioning, so preservation is not exact; under the stated criteria this is partial."
J14,epic,1,cond1,completed,partial,"A dark frying pan is visible near the top center, between the person’s hands, close to the floor-level cooking area.","The same pan is visible between the hands, with its reflective interior exposed; it appears raised slightly compared with its position in the source, but remains close to the cooking area.","The pan appears somewhat elevated in the edited image, but the change is modest and it is not clearly held well above its previous resting position. This supports a partial lift rather than a clear, substantial lift."
J14,epic,2,cond1,completed,absent,"A dark frying pan is visible between the person's hands near the top center, at the level of the surrounding cookware.","The same pan remains between the hands in roughly the same position; two bright reflective areas are visible on it, but it is not clearly raised above its prior location or a resting surface.","The pan is still visible, but the images do not show a noticeable upward displacement or clear evidence that it is being held above its previous position. The reflective appearance is not evidence of a lift."
J14,epic,1,cond2,completed,complete,"The source shows a person standing over a mottled stone floor, with both hands holding the frying pan near the top center. The person's arms, legs, footwear, floor, and a wooden cabinet edge are visible.","The same person, floor, footwear, and cabinet edge remain visible in the edited image. The pan is raised, and two bright reflective areas are visible near the hands; the surrounding scene appears otherwise unchanged.","The non-pan scene content visible in the source—including the floor pattern, person, footwear, and cabinet edge—is preserved in the edited image. No clear unrelated replacement, omission, or localized artifact is apparent."
J14,epic,2,cond2,completed,complete,"The source shows a person standing over a mottled stone floor, with both hands holding the frying pan near the top center. The person's arms, legs, footwear, floor, and a wooden cabinet edge are visible.","The same person, floor, footwear, and cabinet edge remain visible in the edited image. The pan is raised, and two bright reflective areas are visible near the hands; the surrounding scene appears otherwise unchanged.","The non-pan scene content visible in the source—including the floor pattern, person, footwear, and cabinet edge—is preserved in the edited image. No clear unrelated replacement, omission, or localized artifact is apparent."
J15,epic,1,cond1,completed,partial,"A small paper towel or tissue is visible near the upper-right edge of the cutting board, beside the person's hands and the food.","A large pale sheet, likely the same paper towel, is spread across the cutting board between the hands; it is not visibly falling or lower in a clear falling trajectory.","The paper towel appears to have changed from a small item near the board's edge to a larger, more central position on the board, suggesting some movement. However, it is resting or being held over the board, with no clear motion blur, downward trajectory, or intermediate falling state, so the requested fall is not clearly shown."
J15,epic,2,cond1,completed,partial,"A paper towel is visible near the upper-right edge of the cutting board, beside the person's hands and the food being prepared.","A paper towel is visible on the cutting board, spread across the center and extending toward the upper-right; it is being held or handled near the person's hands.","The paper towel appears lower and more spread across the board than in the source, but it is not clearly shown falling: there is no visible motion blur or distinct falling trajectory, and it may simply be resting on or held over the board."
J15,epic,1,cond2,completed,partial,"The source shows a kitchen counter with a pan and utensils on the left, food packaging and bottles along the back, a cutting board, and a person holding a potato while using a knife. No paper towel is clearly visible.","The edited image retains the kitchen counter, pan and utensils, packaging and bottles, and the person’s hands and torso. A large white paper towel or sheet now lies over the cutting board, partly covering the potato and the area near the knife; it is not visibly falling downward.","Most of the scene is preserved, but the paper towel appears placed across the cutting board rather than shown falling. The source does not clearly show a paper towel, so the requested motion cannot be confirmed; the visible towel is a localized change, while the rest of the scene remains broadly consistent."
J15,epic,2,cond2,completed,unknown,"The source shows a kitchen counter with a pan and utensils on the left, food packaging and bottles along the back, a cutting board, and the person’s hands holding a potato and knife. No paper towel is clearly visible.","The edited image retains the kitchen setting, pan, packaging, bottles, person, and counter, though the cutting-board area and hand positions differ. A large white paper-towel-like sheet is visible over the board, but it is not clearly shown falling.","The target paper towel cannot be confidently identified in the source, so its counterpart and the extent of changes attributable to its fall cannot be established. The broader scene appears mostly similar, but the images do not settle whether the sheet in the edited image is the same target or whether the board-area differences are caused by the requested action."
J17,kubric,1,cond_1,completed,unknown,"A small silver metal alarm clock lies near the lower-left area of the scene, below and left of the toy squirrel.","A round clock is visible at the upper-left edge of the edited image, but the scene and toy figures differ substantially from the source, so it is unclear whether this is the same vintage metal alarm clock.","The source clock is identifiable, but the edited image has a different composition and a clock with a different visible appearance. The images do not establish that the edited clock is the same target, so its movement cannot be reliably judged."
J17,kubric,2,cond_1,completed,unknown,"A small silver metal alarm clock lies near the lower-left area of the scene, below and to the left of the toy squirrel.","A round clock is visible at the upper-left edge of the edited image, but the scene and toy arrangement differ substantially from the source, making it unclear whether this is the same vintage metal alarm clock.","The source clock is identifiable, but the edited image does not provide enough visual continuity to establish that the upper-left clock is the same object or determine its movement from the source position."
J17,kubric,1,cond_2,completed,unknown,"The SOURCE shows a small silver metal alarm clock near the lower left, below and far from the toy squirrel in the upper-left area.","The EDITED image shows a round clock at the upper left and plush squirrel-like toys on the right. The clock is well above and far to the left of the toys; it is not clearly identifiable as the same vintage metal alarm clock, and the squirrel identity is also uncertain.","The source target is the small metal clock and toy squirrel, but the edited image changes their appearance substantially: the clock is a large wall-style round clock, and the right-side plush figures do not clearly match the source squirrel. Although the clock is visually higher than the plush figures, the target identities cannot be established confidently, so the required relationship for the same objects is unknown."
J17,kubric,2,cond_2,completed,absent,The SOURCE shows a small silver metal alarm clock near the lower-left area and a plush toy squirrel in the upper-left area. The clock is well below and separated from the squirrel.,"The EDITED image shows a round clock at the upper left and plush squirrel-like toys on the right. The clock is far to the left of the toys, not positioned above them.","The clock and toy squirrel are identifiable in the SOURCE, but in the EDITED image the clock is horizontally distant from the squirrel toys rather than clearly above the same target. The required spatial relationship is absent."
J17,kubric,1,cond_3,completed,absent,"The source shows a toy squirrel near the upper left, a purple miniature couch beside it, a small metal alarm clock lower left, and green toy train cars on a dark rocky surface.","The edited image shows a different scene: a wall with a large rectangular panel, a round clock at the upper left, and two plush squirrel-like figures. The source couch, train, rocky ground, and small metal alarm clock are not visible.","The scene and background have been substantially replaced rather than preserved with only the alarm clock repositioned. The source alarm clock cannot be matched confidently to the round wall clock in the edited image, and the other source content is missing."
J17,kubric,2,cond_3,completed,absent,"The source shows a toy squirrel near the upper left, a purple miniature seat beside it, a small metal alarm clock lower left, and green toy train pieces on a dark rocky surface.","The edited image shows a different scene: a dark interior wall with a large clock, a rectangular panel, and two plush squirrel-like toys. The source’s rocky surface, purple seat, and green train pieces are not visible.","The scene and multiple unrelated objects have been substantially replaced or removed, rather than preserving the source scene apart from moving the alarm clock."
J18,kubric,1,add_2_white_square_saucers,completed,partial,"The source shows one white, shallow square dish or saucer on the ground, alongside a small rectangular object.","The edited image shows two white, angular dish-like forms against a dark background. Their outlines look irregular or folded rather than clearly square saucers.","The source already contains one white square dish, so it does not count as newly added. In the edited image, at least one of the two white forms could plausibly be a saucer, but neither is clearly identifiable as a new white square saucer. The evidence supports at most a partial addition, not exactly two clearly qualifying new saucers."
J18,kubric,2,add_2_white_square_saucers,completed,partial,"The source shows one white, shallow square dish or saucer on the ground, alongside a small rectangular object.","The edited image shows two white, angular dish-like forms against a dark background. Their outlines look irregular or triangular rather than clearly square, and it is unclear whether they are saucers.","The source already contains one white square dish, so it does not count as newly added. The edited image appears to contain two white dish-like forms, but their shape and identity as square saucers are ambiguous; the evidence supports at most a partial addition, not two clearly identifiable new white square saucers."
J18,kubric,1,preserve_source_scene,completed,absent,The source shows a mottled brown floor with a white square dish near the center-right and a small rectangular object beside it.,"The edited image shows two angular white shapes on a dark, nearly uniform background; the brown floor and the small rectangular object are not visible.","The source scene is substantially replaced: its floor and unrelated rectangular object are gone, rather than preserved with only two saucers added."
J18,kubric,2,preserve_source_scene,completed,absent,The source shows a mottled brown floor with a white square dish near the center and a small rectangular object beside it.,"The edited image shows two white angular, dish-like shapes against a dark, nearly uniform background; the brown floor and small rectangular object are not visible.","The source scene is substantially replaced: its floor and unrelated rectangular object are gone, rather than preserved with only two saucers added."
J19,kubric,1,remove_2_sharks,completed,absent,Several pale shark-like figures are clustered above and beside the small character near the center; their overlapping bodies make the exact count difficult to distinguish.,"The cluster remains, with multiple pale shark-like forms still visible. A prominent upper shark has a darker, sharper outline than in the source, but there is no clear evidence that two sharks have disappeared without traces.","The same central cluster is present in both images, and the edited image does not show two identifiable sharks fully removed. The visible change to the upper figure is not evidence of removal; the other shark-like forms remain."
J19,kubric,2,remove_2_sharks,completed,absent,Several pale shark-like figures are clustered above and beside the small character near the center; their overlapping bodies make the exact count difficult to distinguish.,"The cluster remains, with multiple pale shark-like forms still visible. A prominent upper shark has a darker, sharper outline than in the source, but there is no clear evidence that two sharks have disappeared without traces.","The same central cluster is present in both images, and the edited image does not show two identifiable sharks fully removed. The visible change to the upper figure is not evidence of removal; the other shark-like forms remain."
J19,kubric,1,scene_preservation,completed,partial,"The source shows a gray stone-like background split by a dark vertical gap, with a small Mario figure, two pale shark-like figures near the gap, and a pink shoe at lower right.","The same stone background, gap, Mario figure, and pink shoe remain. The shark-like figures are still present, and the upper one appears darker and more sharply defined; the surrounding scene is otherwise largely preserved.","Most non-shark scene elements and the general background are preserved, but there is a localized alteration around the sharks, including a changed appearance of the upper figure. This is not a substantial scene replacement, so preservation is partial rather than absent; the requested shark removal does not appear to have occurred."
J19,kubric,2,scene_preservation,completed,partial,"The source shows a gray stone-like surface split by a dark central gap, with a small Mario figure, two pale shark-like figures near the gap, and a pink shoe on the right.","The stone surface, central gap, Mario figure, and pink shoe remain in roughly the same positions, but the shark-like figures are still visible near the gap; their appearance is somewhat altered, including a prominent dark-edged shape above Mario.","Most non-shark scene elements and the general background are preserved, with no substantial scene replacement. However, the edited image contains localized changes around the sharks and does not cleanly show their removal, so preservation apart from the requested removal is only partial."
J20,kubric,1,cond1-object-addition,transport_error,,,,
J20,kubric,2,cond1-object-addition,completed,absent,"The source shows a striped surface with a bowl, a colorful pencil case, a small book or card, several small objects, and a white scoop. No object identifiable as CARSII is visible.","The edited image shows the same arrangement, with a strong purple color shift. No distinct object identifiable as CARSII appears.",The criterion requires a clearly visible CARSII object that was not present in the source. The edited image contains no recognizable CARSII object; the color-shifted existing items do not establish that one was added.
J20,kubric,1,cond2-spatial-relation,completed,absent,"The green-purple pencil case is near the center of the image. The small CARSII object appears to be the green item just below and to the left of the case, so it is not to the case’s right.","The same green CARSII item remains just below and to the left of the green-purple pencil case. The case and item are both visible, and the item is not positioned to the right.","The target objects can be identified in both images, and the CARSII is left of the pencil case rather than to its right. The requested spatial relation is not present."
J20,kubric,2,cond2-spatial-relation,completed,absent,"The green-purple pencil case is near the center of the image. The small CARSII object appears to be the green item just below and to the left of the case, so it is not to the case’s right.","The same green CARSII item remains just below and to the left of the green-purple pencil case. The case and item are both visible, and the item is not positioned to the right.","The target objects can be identified in both images, and the CARSII is left of the pencil case rather than to its right. The requested spatial relation is not present."
J20,kubric,1,cond3-target-identification,completed,absent,"A small pencil case with a turquoise body and purple edging/pattern is visible near the center of the image, beside a book. It is identifiable as the green-purple pencil case referenced in the instruction.","The same turquoise-and-purple pencil case is visible near the center, with the small CARSII toy positioned to its left rather than on its right.","The green-purple pencil case is clearly identifiable in both images, but the CARSII is not placed to its right in the edited image; it remains to the left. Thus the specified reference object is identified, but the required placement relative to it is absent."
J20,kubric,2,cond3-target-identification,completed,absent,"A small pencil case with a turquoise body and purple edging/pattern is visible near the center of the image, beside a book. It is identifiable as the green-purple pencil case referenced in the instruction.","The same turquoise-and-purple pencil case is visible near the center, with the small CARSII toy positioned to its left rather than on its right.","The green-purple pencil case is clearly identifiable in both images, but the CARSII is not placed to its right in the edited image; it remains to the left. Thus the specified reference object is identified, but the required placement relative to it is absent."
J20,kubric,1,cond4-scene-preservation,completed,partial,"The SOURCE shows a gray ribbed deck with a tan bowl near the upper center, a colorful green-purple pencil case near the middle, a small book or card to its right, three small colored objects to the left, and a white dustpan and brush at lower left.","The EDITED image retains the same deck, object arrangement, and recognizable objects, but the bowl, book or card, dustpan and brush, and much of the scene have been recolored vivid purple. No distinct CARSII object is clearly identifiable to the right of the pencil case.","The overall scene layout and unrelated objects remain recognizable, but substantial color changes to multiple existing objects and the scene are beyond the requested addition and placement. This is more than a minor artifact, yet the scene has not been replaced or removed, so preservation is partial."
J20,kubric,2,cond4-scene-preservation,completed,partial,"The SOURCE shows a gray ribbed deck with a tan bowl near the upper center, a colorful green-purple pencil case near the middle, a small book or card to its right, three small colored objects to the left, and a white dustpan and brush at lower left.","The EDITED image retains the same deck, object arrangement, and recognizable objects, but the bowl, book or card, dustpan and brush, and much of the scene have a strong purple color shift. The pencil case and small objects remain in place; no distinct CARSII addition is apparent.","The overall scene and unrelated objects remain recognizable and in their original layout, but the pronounced purple recoloring is a substantial visual artifact beyond the requested addition and placement. This is more than an unchanged scene, yet the scene is not replaced or removed, so it meets the partial criterion."
J21,magicbrush,1,cond1,completed,complete,The source shows a dog leaning toward a stuffed toy in grass; no dragonfly is visible.,"The edited image shows a large dark insect-like figure with several prominent wings and a narrow body against the grass. It is not on the dog's ear, and the dog is no longer visible.","The edited image contains a new, clearly visible object with recognizable wings and body that resembles a dragonfly, while no such object appears in the source. The criterion requires visible presence, not placement on the dog's ear."
J21,magicbrush,2,cond1,completed,complete,The source shows a dog leaning toward a stuffed toy in grass; no dragonfly is visible.,"The edited image shows a large dark insect-like figure with several prominent wings and a narrow body in the grass, but it is not positioned on the dog's ear; the dog is not visible in this crop.","A new, clearly visible insect-like object has recognizable wings and a body, consistent with the condition's criterion for a dragonfly. The source contains no such object. Although the requested placement on the dog's ear is not shown, the stated condition evaluates whether a dragonfly is visibly present."
J21,magicbrush,1,cond2,completed,unknown,"The dog is in the grass facing the stuffed toy; its visible floppy ear is beside the side of its head, with no dragonfly on it.","A large dark dragonfly is visible over the grass, but the dog and its ear are not visible in the edited image.","The edited image does not show the dog's ear region, so the dragonfly's position relative to the source dog's ear cannot be determined."
J21,magicbrush,2,cond2,completed,absent,"The source shows a black-and-tan dog facing a stuffed toy; the dog's visible floppy ear is beside its head, with no dragonfly on it.","The edited image shows a large dark dragonfly-like insect over the grass, but the dog and its ear are not visible.","The dragonfly is not on or near the dog's ear in the edited image; it appears elsewhere in the scene, and the dog's ear is not visible there."
J21,magicbrush,1,cond3,completed,absent,"The source shows a black-and-tan dog leaning toward a gray stuffed toy in tall grass, with greenery filling the background.","The edited image shows grass and a large dragonfly-like figure in the foreground, plus part of a hand at the upper right. The dog and stuffed toy visible in the source are not present.","The dog and most of the original scene have been replaced or removed, rather than preserved apart from the dragonfly addition."
J21,magicbrush,2,cond3,completed,absent,"The source shows a black-and-tan dog leaning toward a gray stuffed toy in tall grass, with greenery filling the background.","The edited image shows grass and a large dragonfly-like figure in the foreground, plus part of a hand at the upper right. The dog and stuffed toy visible in the source are not present.","The dog and most of the original scene have been replaced or removed, rather than preserved apart from the dragonfly’s addition. This is a substantial scene change, meeting the absent criterion."
J22,magicbrush,1,catcher_identification,transport_error,,,,
J22,magicbrush,2,catcher_identification,completed,complete,"The catcher is the crouching player at the lower left, behind home plate, wearing a dark helmet with a face mask and protective chest and leg gear. His face is partly obscured by the mask.","The same crouching, fully geared catcher at the lower left has his mouth open in a broad, laugh-like expression; his mask remains on.","The catcher is clearly identifiable in the source from his position and protective gear. In the edited image, that same catcher—not either batter—has a visibly open, smiling mouth consistent with laughing, so the requested change is complete."
J22,magicbrush,1,catcher_laughing,transport_error,,,,
J22,magicbrush,2,catcher_laughing,completed,complete,"The catcher is crouched at the lower left wearing a protective mask; the mask obscures much of his face, and no clear laughing expression is visible.","The same catcher remains crouched at the lower left. His visible mouth appears open in a broad, laughing expression beneath the mask.","The catcher—not either batter—shows a clear open-mouth expression consistent with laughter in the edited image, meeting the criterion for a visible laugh."
J22,magicbrush,1,scene_preservation,completed,partial,"The source shows a baseball scene with a catcher crouched in the lower left, two batters, a blue padded wall, netting, and equipment behind them.","The edited image retains the same baseball scene, players, positions, and background, though the catcher and both batters appear to have changed expressions to laughing or open-mouthed smiles.","Most of the scene and its subjects are preserved, but the edit appears to alter expressions on the batters as well as the catcher. The criterion allows partial for additional faces edited beyond the requested catcher expression change."
J22,magicbrush,2,scene_preservation,completed,partial,"The source shows a baseball scene with a catcher crouched in the lower left, two batters, an umpire or observer behind the net, and a blue padded wall and field equipment in the background. The catcher’s face is mostly obscured by his mask.","The edited image retains the same baseball scene, with the catcher, both batters, the person behind the net, and the blue wall and equipment in corresponding positions. The catcher’s face appears to have a conspicuous open-mouthed expression; the batters’ faces also appear altered to open-mouthed expressions.","Most of the scene and its subjects are preserved, but the edited image appears to change the faces of the batters as well as the catcher, which is an additional subject change beyond the requested expression change. This is a minor inconsistency rather than a scene replacement."
J23,magicbrush,1,toilet_bowl_identification,completed,complete,"A toilet is clearly visible in the center of the SOURCE image, with its tank, open bowl, and base identifiable.","A toilet remains clearly visible in the center of the EDITED image; the bowl and tank are identifiable, and the bowl is open.","The condition asks whether a toilet bowl can be identified in the SOURCE image. It is clearly visible and identifiable there, so the criterion for complete is met. The lid instruction does not change this source-identification judgment."
J23,magicbrush,2,toilet_bowl_identification,completed,complete,"A toilet is clearly visible in the center of the SOURCE image, with its tank and open bowl identifiable.",The same toilet remains clearly visible in the EDITED image; its bowl is open and no lid is visible.,"The condition asks whether a toilet bowl can be identified in SOURCE. It is clearly identifiable there, so the criterion for complete is met. The requested lid change does not affect this identification judgment."
J23,magicbrush,1,lid_presence_on_toilet,completed,absent,"The toilet bowl is open, with the seat ring visible around the bowl and no lid covering or positioned above it.","At the same toilet location, the bowl remains open and no lid-like object is visible on or above it. The tank top is also open, but it is separate from the bowl.",The edited image clearly shows the toilet bowl without a lid; the visible open tank and bowl rim do not meet the criterion for a lid on the bowl.
J23,magicbrush,2,lid_presence_on_toilet,transport_error,,,,
J23,magicbrush,1,scene_preservation,completed,partial,"The source shows a toilet in a small tiled bathroom, with the tank, open bowl, walls, and floor visible.","The edited image shows a toilet in a similar small tiled bathroom, but the tank is open and the bowl appears altered; no lid is visible over the bowl.","The bathroom setting and toilet remain recognizable, so the scene is mostly preserved. However, there are notable unrelated changes to the toilet itself: the tank is open and the bowl’s appearance differs, rather than only adding a lid. These changes exceed minor background or object adjustments, but the overall scene has not been replaced."
J23,magicbrush,2,scene_preservation,completed,absent,"The source shows a white toilet centered in a small bathroom, with the tank, open bowl, tiled floor, walls, and a partial fixture at the left edge visible.","The edited image shows a toilet in the same small bathroom, with the same tiled floor, walls, and partial fixture at the left edge. The toilet’s tank and bowl appear substantially altered: the tank is open at the top and the bowl has a different shape; no lid is visibly added to the bowl.","The overall setting is recognizable, but the edited image does not preserve the main toilet as shown in the source: its tank and bowl have conspicuously changed rather than showing only the requested bowl-lid addition. This is an unrelated major change under the scene-preservation criterion."
J24,magicbrush,1,seat_down_action,completed,absent,"The toilet seat is raised upright, visible as the oval ring standing vertically against the toilet tank; the lid is also raised.",The same toilet seat remains raised upright against the tank. No visible lowering of the seat is apparent.,"The seat was already raised in SOURCE and remains in the same raised position in EDITED, so the requested change is not observed."
J24,magicbrush,2,seat_down_action,completed,absent,The toilet seat is raised upright against the lid; the lid is also upright.,"The toilet seat remains raised upright against the lid, with no visible lowering; the lid is still upright as well.",The same seat visible in SOURCE remains in the raised position in EDITED. No visible change indicates that it was put down.
J24,magicbrush,1,scene_preservation,completed,complete,"A toilet with its lid and seat raised is in a small wooden-walled bathroom stall; a toilet-paper holder is mounted on the right wall, with a wooden rail and dark floor visible.","The same toilet, wooden stall walls and rail, toilet-paper holder, and floor remain visible. The toilet seat appears lowered around the bowl, while the lid remains raised.","The major scene elements and bathroom context are recognizably preserved between the images. The visible differences are consistent with the requested seat-position change, with no clear unrelated scene changes."
J24,magicbrush,2,scene_preservation,completed,complete,"A toilet with its lid and seat raised is in a small wooden-walled bathroom stall; a toilet-paper holder is mounted on the right wall, with a wooden rail and dark floor visible.","The same toilet, wooden stall walls and rail, toilet-paper holder, and floor remain visible. The toilet seat appears lowered around the bowl, while the lid remains raised.","The major scene elements and bathroom context are recognizably preserved between the images. The visible differences are consistent with the requested seat-position change, with no clear unrelated scene changes."
J25,something,1,flip_bottle_upside_down,completed,absent,"A clear plastic bottle stands upright on the floor, with its purple cap at the top and its base at the bottom.","The same clear plastic bottle remains upright, with its purple cap at the top and its base at the bottom. Its label faces a different direction, but the bottle is not inverted.",The bottle’s orientation is unchanged: the cap remains above the base. A change in label-facing direction does not show a flip toward upside down.
J25,something,2,flip_bottle_upside_down,completed,absent,"A clear plastic bottle stands upright on the floor, with its purple cap at the top and its base at the bottom.","The same bottle remains upright, with the purple cap at the top and the base at the bottom; its label faces a different direction.",The bottle’s orientation has not changed to upside down. The changed label-facing direction does not indicate inversion.
J25,something,1,preserve_source_scene,completed,partial,"The source shows a bottle standing upright on a tiled floor, in front of a light wall panel and dark wooden trim. The surrounding floor, wall, trim, and visible right-side dark area form the scene to compare.","The edited image retains the tiled floor, light wall panel, dark wooden trim, and right-side dark area in broadly the same arrangement. The bottle is larger and positioned more centrally, and its label and shape appear different; the surrounding scene remains recognizable, though there are noticeable framing or scale differences.","Most of the source scene is preserved and recognizable, but the non-bottle elements are not perfectly consistent: the framing and apparent scale differ, with the wall panel and trim boundaries shifted. This fits minor scene changes rather than complete preservation or replacement."
J25,something,2,preserve_source_scene,completed,partial,"The source shows a bottle standing upright on a tiled floor, in front of a light wall panel and dark wooden trim. The surrounding floor, wall, trim, and visible right-side dark area form the scene to compare.","The edited image retains the tiled floor, light wall panel, dark wooden trim, and right-side dark area in broadly the same arrangement. The bottle is larger and positioned more centrally, and some scene details and framing differ, but the background and non-bottle objects remain recognizable.","Most of the source scene is preserved and recognizable, but there are noticeable changes in framing and scene details beyond the bottle’s orientation. This meets the partial criterion for minor alterations to non-bottle elements; the scene is not substantially replaced or missing."
J26,something,1,cond1,completed,absent,"A clear glass is on the right side of the image, separate from a blister pack of pills to its left.","The same glass remains on the right, separate from the blister pack of pills to its left. A bright blue object is visible inside the glass, but the glass is not on top of the pills.",The glass has not been moved onto or into contact with the pills; it remains apart from them. The blue object inside the glass does not satisfy the requested placement.
J26,something,2,cond1,completed,absent,"A clear glass is on the right side of the image, separate from a blister pack of pills to its left.","The same glass remains on the right, separate from the blister pack of pills to its left. A bright blue object is visible inside the glass, but the glass is not on top of the pills.",The glass has not been moved onto or into contact with the pills; it remains apart from them. The blue object inside the glass does not satisfy the requested placement.
J26,something,1,cond2,completed,complete,A white blister pack with several pill-shaped tablets is visible on the dark surface to the left of the glass.,"The same blister pack remains visible to the left of the glass, with its pill-shaped tablets still identifiable; the glass is beside it rather than covering it.","The source pills remain clearly visible and identifiable in the edited image, satisfying the complete criterion regardless of whether the glass was placed on top."
J26,something,2,cond2,completed,complete,A white blister pack with several pill-shaped tablets is visible on the dark surface to the left of the glass.,"The same blister pack remains visible to the left of the glass, with its pill-shaped tablets still identifiable; the glass does not obscure it.","The source pills remain clearly visible and identifiable in the edited image, satisfying the complete criterion."
J26,something,1,cond3,completed,complete,"The scene shows a blister pack of pills on a dark, speckled surface and a hand holding a clear glass at the right. The glass is beside the pack, not on top of the pills.","The same dark surface, blister pack, hand, and glass remain visible in the same arrangement. The glass is still beside the pills, with a bright blue object or reflection visible inside it; it has not been placed on top of the pills.","The condition concerns preservation of the overall scene apart from the requested glass-and-pills change. The background and unrelated scene elements remain recognizable and appear unchanged. The glass and pills are the permitted elements to alter, so their relation not matching the instruction does not make this scene-preservation condition incomplete."
J26,something,2,cond3,completed,complete,"The scene shows a blister pack of pills on the left and a clear glass held at the right, with a dark, speckled surface and strong lighting and shadows.","The same blister pack, held glass, dark speckled surface, lighting, and shadows remain visible and recognizable. The glass now contains a bright blue object or substance; the surrounding scene appears otherwise unchanged.",The condition concerns preservation of the overall scene apart from the requested glass-and-pills change. The background and unrelated scene elements remain recognizable and appear unchanged; the visible addition inside the glass is part of the requested edit. There is no clear evidence of unrelated scene replacement or substantial alteration.
J27,something,1,cloth-unfolding,completed,partial,"A rectangular patterned cloth lies in a compact, folded stack, with a colorful floral section visible on top and dark folded layers beneath.","The same rectangular cloth appears broader and more open across the top, but it still has dark layers underneath and remains folded or bunched along its edges.","Compared with the compact stack in SOURCE, the cloth in EDITED is visibly spread over a wider area, indicating some unfolding. However, substantial folded layers remain beneath it, so it is only partially unfolded."
J27,something,2,cloth-unfolding,completed,partial,"A rectangular patterned cloth lies in a compact, folded stack, with a colorful floral section visible on top and dark folded layers beneath.","The same rectangular cloth appears broader and more open across the top, but it still has dark layers underneath and remains folded or bunched along its edges.","Compared with the compact stack in SOURCE, the cloth in EDITED is visibly spread over a wider area, indicating some unfolding. However, substantial folded layers remain beneath it, so it is only partially unfolded."
J27,something,1,scene-preservation,completed,partial,"The scene shows a patterned gray floor covering, with a folded black cloth bearing colorful floral and geometric designs near the center-left and hands visible at the upper right.","The patterned floor covering and a cloth in roughly the same location remain visible, but the cloth now appears spread out with a small black-and-white pattern; the hands are no longer visible, and the framing and floor pattern differ noticeably.","The main setting and cloth are recognizable, so the scene is not wholly replaced. However, the edited image has noticeable differences in framing and background appearance, and the cloth’s design is not clearly the same as in the source. The scene is therefore only partly preserved rather than clearly unchanged apart from the cloth’s state."
J27,something,2,scene-preservation,completed,partial,The scene shows a folded black cloth with a colorful floral and geometric patterned section on a gray floral-patterned surface; hands are visible near the upper right.,"A cloth lies across the same gray floral-patterned surface, but its visible side is a small black-and-white pattern and the surrounding view is framed differently. The hands are no longer visible.","The main setting and cloth remain recognizable, so the scene is mostly preserved. However, the cloth’s visible pattern and presentation differ, and the framing/background details are not identical; this is not a clear preservation with only the cloth’s state changed."
J28,something,1,move_cup_away_from_pen,completed,absent,"A white cup is near the center-right, with a blue pen lying diagonally to its left; the pen’s upper end is close to the cup’s left side.","The same white cup and blue pen are visible. The cup is still close to the pen, with the pen’s upper end near the cup’s left side; the objects appear larger in the edited view, but their relative spacing does not clearly increase.","The cup and pen remain in essentially the same relative positions, with no clear movement of the cup away from the pen. The apparent size and framing differences do not establish the requested separation."
J28,something,2,move_cup_away_from_pen,completed,unknown,"A white cup is near the center-right, with a blue pen diagonally to its lower left; the pen’s upper end is close to the cup’s left side.","The same white cup and blue pen are visible. The cup appears larger in the frame, and the pen remains diagonally to its lower left, with its upper end still close to the cup’s left side.","The objects are identifiable in both images, but the framing and apparent scale differ substantially, making their relative positions difficult to compare reliably. The images do not clearly establish whether the cup moved farther from the pen."
J28,something,1,scene_preservation,completed,partial,"The SOURCE shows a white cup near the center-right, a blue pen lying diagonally to its lower left, and a gray keypad-like object and black object along the upper edge on a light tabletop.","The EDITED image retains the cup, blue pen, keypad-like object, black object, and tabletop, but the framing and apparent scale differ substantially: the cup and pen are larger, and the upper-edge objects are shifted or cropped differently. The cup remains near the pen.","Most of the same scene and objects are recognizable, but the edited view has noticeable framing/scale changes and shifts beyond simply moving the cup relative to the pen. The scene is not wholly replaced, so this is partial preservation rather than complete."
J28,something,2,scene_preservation,completed,partial,"The SOURCE shows a white cup near the center-right, a blue pen lying diagonally to its lower left, and a gray keypad-like object and black object along the upper edge on a light tabletop.","The EDITED image retains the cup, blue pen, keypad-like object, black object, and tabletop, but the framing and apparent scale differ substantially: the cup and pen are larger, and the upper-edge objects are shifted or cropped differently. The cup remains near the pen.","Most of the same scene and objects are recognizable, but the edited view has noticeable framing/scale changes and shifts beyond simply moving the cup relative to the pen. The scene is not wholly replaced, so this is partial preservation rather than complete."
J29,whatsup,1,move_bowl_left_of_flower,completed,partial,"The SOURCE shows one large white bowl with a pale green rim in the foreground, below and slightly in front of a small red-and-yellow flower near the center.",The EDITED image shows the flower near the upper middle and two small white bowls at the lower left. Neither bowl clearly matches the SOURCE bowl’s larger size and distinctive pale green rim; the original-looking bowl is not clearly identifiable.,"There are bowls to the viewer’s left of the flower, but they appear visually different from the SOURCE bowl, and the image does not clearly show that the original bowl was moved. The attempted left-of-flower placement is present, but the SOURCE bowl’s identity and appearance are not preserved clearly enough for complete."
J29,whatsup,2,move_bowl_left_of_flower,completed,partial,"The SOURCE shows one large white bowl with a pale green rim near the lower center, and a red-yellow flower behind it near the center.","The EDITED image shows the flower near the upper center and two small white bowls at the lower left. Both bowls are to the left of the flower, but neither clearly matches the SOURCE bowl's size and green rim; the original bowl is not clearly identifiable.","There is a bowl-like object to the left of the flower, so the requested spatial relationship is attempted. However, the bowls appear smaller and lack the SOURCE bowl's distinctive rim, and there are two bowls rather than a single matching bowl. This supports partial rather than complete."
J29,whatsup,1,scene_preservation,completed,partial,"The source shows a dark tabletop against a light wall, with one dried red-and-yellow flower near the back center and one large white bowl in the foreground.","The edited image retains a dark tabletop, light wall, and a similar flower near the back, but the framing and layout differ substantially. Two small white bowls appear at the lower left; the original large foreground bowl is not present in its original form.","The scene remains recognizable through the tabletop, wall, and flower, but it is not preserved with only the requested bowl movement: the bowl's size and number differ, and the overall framing/layout has changed. This is more than a minor unrelated alteration, but the scene has not been wholly replaced or made unrecognizable."
J29,whatsup,2,scene_preservation,completed,partial,"The source shows a dark tabletop against a light wall, with one dried red-and-yellow flower near the back center and one large white bowl in the foreground.","The edited image retains a dark tabletop, light wall, and a similar flower near the back, but the framing and layout differ substantially. Two small white bowls appear at the lower left; the original large foreground bowl is not present in its original form.","The scene remains recognizable through the tabletop, wall, and flower, but it is not preserved with only the requested bowl movement: the bowl's size and number differ, and the overall framing/layout has changed. This is more than a minor unrelated alteration, but the scene has not been wholly replaced or made unrecognizable."
J30,whatsup,1,move_can_right_of_knife,completed,unknown,"The red Coca-Cola can is near the upper center of the table, and the knife lies below it, with its handle extending toward the bottom edge.","A red can is visible near the upper center of the table. The knife is not clearly identifiable in the edited image; a dark triangular shape appears to the can’s lower left, but it does not clearly show the knife from the source.","The source can and knife are identifiable, but the edited image does not make the knife identifiable enough to determine whether the can is to its right or whether the can was moved relative to its original position."
J30,whatsup,2,move_can_right_of_knife,completed,unknown,"The red Coca-Cola can is near the upper center of the table, above and slightly left of the knife. The knife lies lengthwise near the center, with its handle toward the bottom of the image.","A red can is visible near the upper center of the table. The knife is not clearly identifiable in the edited image; a dark triangular shape appears at lower left, but it does not clearly show the knife from the source.","The source can and knife are identifiable, and the can is initially above and slightly left of the knife. In the edited image, the can is visible, but the knife's identity and position cannot be determined, so whether the can was moved to the knife's right cannot be assessed."
J30,whatsup,1,scene_preservation,completed,absent,"The source shows a red Coca-Cola can near the center of a dark tabletop, with a spoon below it, against a beige wall.","The edited image shows a red can on a dark tabletop, but the spoon is absent and the background and scene framing differ substantially; text is also overlaid across the top.","The scene is not preserved: the spoon and beige wall from the source are missing, and the edited image has a different composition and prominent added text. These changes go beyond the can's movement."
J30,whatsup,2,scene_preservation,completed,absent,"The source shows a red Coca-Cola can on a dark tabletop, with a spoon in front of it and a plain light-colored wall behind the table.","The edited image shows a different-looking red can on a dark tabletop, but the spoon is absent. The background and framing also differ substantially: a white band with text appears above the table, and the tabletop scene is cropped and rearranged.","The scene-preservation criterion is not met: the spoon and original wall/table composition are not preserved, and the edited image appears to show a substantially altered or replaced scene rather than only the can's movement."
J31,whatsup,1,move_bowl_to_armchair,completed,absent,A small white bowl with a dark rim is on the floor to the left of the blue armchair.,A white bowl remains on the floor to the left of the armchair; the armchair seat is empty.,"The source bowl is not visible resting on the armchair in EDITED and appears to remain in its original floor location, so the requested relocation is absent."
J31,whatsup,2,move_bowl_to_armchair,completed,absent,A small white bowl with a dark rim is on the floor to the left of the blue armchair.,The white bowl remains on the floor to the left of the armchair; the armchair seat is empty.,"The source bowl is visible in EDITED but has not been moved onto the armchair, so the requested relocation is absent."
J31,whatsup,1,preserve_scene_except_bowl_move,completed,partial,"The source shows a blue armchair centered against a beige wall, with a white bowl on the wooden floor to the chair’s lower left. The wall outlet, baseboards, floor vent, and floorboards are also visible.","The edited image still shows the chair, beige wall, outlet, baseboards, wooden floor, and floor vent, but the framing and scale differ substantially. The bowl is on the floor to the chair’s left, rather than on the armchair; the chair and other scene details appear smaller and shifted within the image.","Most major scene elements remain, but the edited image has a noticeably different framing/scale and layout, so preservation is not exact. The bowl’s position has not been changed to the armchair; however, this condition evaluates preservation of the other scene content, and the visible differences are best characterized as partial rather than a substantially different scene."
J31,whatsup,2,preserve_scene_except_bowl_move,completed,partial,"The source shows a blue armchair centered against a beige wall, with a white bowl on the floor to the chair’s left, an outlet on the wall, a floor vent to the right, white baseboards, and a wood floor.","The edited image still shows the chair, wall, outlet, baseboards, vent, and wood floor, and the bowl is now on the floor to the chair’s left. However, the framing and scale differ substantially: the chair and other scene elements appear smaller, and the wall and floor layout are shifted/cropped compared with the source.","The bowl’s position appears unchanged rather than moved onto the armchair. Most scene elements remain, but the edited image has a noticeably different framing and scale, so the scene is not clearly preserved exactly apart from the bowl’s position; this is a substantial presentation change but not a wholly different scene."
J32,whatsup,1,c1,completed,absent,A pair of white-framed sunglasses with dark lenses is clearly visible on the chair seat.,"The chair is visible in the background, but the seat area is partly obscured by a foreground person and overlaid text. No sunglasses are clearly visible under the chair or elsewhere.","The source sunglasses are identifiable on the seat, but the edited image provides no recognizable evidence that they were moved under the chair. The condition specifies absent when the sunglasses are not under the chair; the obstruction does not reveal any sunglasses beneath it."
J32,whatsup,2,c1,completed,unknown,A pair of white-framed sunglasses with dark lenses is clearly visible on the chair seat.,"The chair is visible in the background, but its seat area is partly obscured by a person and overlaid text. The sunglasses are not clearly visible under the chair or elsewhere.","The edited image does not allow the sunglasses' location or identity to be determined: the chair's lower area is substantially obscured, so it is unclear whether the same sunglasses were moved underneath it or are missing from view."
J32,whatsup,1,c2,completed,partial,"The source shows a wooden chair centered against a beige wall, with white-framed sunglasses on its seat; a wall outlet, baseboard, and wood floor are also visible.","The edited image retains the chair, beige wall, outlet, baseboard, and wood floor, though the framing and scale differ. A large foreground arm and overlaid text obscure much of the lower scene; the sunglasses are not clearly visible.","Most of the original scene is still recognizable, but the edited image adds prominent unrelated foreground content and text and obscures part of the scene. This is more than a minor artifact, yet the chair and background remain recognizable rather than being replaced."
J32,whatsup,2,c2,completed,partial,"The source shows a wooden chair centered against a beige wall, with white-framed sunglasses resting on the chair seat. The wall outlet, baseboard, and wood floor are visible around it.","The edited image retains the chair, beige wall, outlet, baseboard, and wood floor, though the framing and appearance differ. A large foreground arm and overlaid text obscure much of the lower scene; the sunglasses are not clearly visible, and the area beneath the chair is partly obscured.","Most of the original scene elements remain recognizable, but the edited image includes prominent unrelated additions (the arm and text) and obscures part of the scene. This is more than a minor artifact, yet the scene is not replaced, so preservation is partial."
N01,ag,1,C1,completed,absent,"A person in dark clothing is visible at the upper landing, standing near the wall and railing; the person is not visibly taking a step down the stairs.","The source person appears at the upper landing in the background, standing near the railing with an arm extended. A different, closer person is visible on the stairs, but the source person is not shown descending.","The source person remains at the landing rather than showing a recognizable descending step. The person on the stairs in the edited image is distinct from the source person, so their position does not satisfy the requested condition."
N01,ag,2,C1,completed,unknown,"A person in dark clothing is visible at the upper landing, leaning toward the wall or railing. Their feet appear together or close on the landing, with no clear step-taking posture down the stairs.","A dark-clothed person is partly cropped at the right edge beside the staircase; one leg extends toward a stair, but the head and upper body are out of frame, and the image does not reliably establish that this is the source person. Another person is visible at the upper landing.","The source person is identifiable at the upper landing, but the edited image does not allow reliable matching to the cropped figure on the stairs, and the other visible person remains at the landing. The visible leg placement alone is insufficient to establish that the source person is descending."
N01,ag,1,C2,completed,partial,"The source shows a curved indoor staircase with pale stone steps, a brown handrail on white balusters, a blue-and-windowed landing, and nearby wall and furnishings. A person stands near the upper landing.","The edited image retains the indoor stairwell and its curved brown handrail, white balusters, and upper landing, but the steps are now dark and straight-looking, and the surrounding lower-right furnishings and other scene details differ or are omitted. A person is visible on the stairs.","The same stairwell remains recognizable, so the scene has not been replaced. However, substantial visible scene details have changed or disappeared beyond the localized change to the person, including the appearance and layout of the stairs and lower-right surroundings; this meets the partial criterion."
N01,ag,2,C2,completed,partial,"The source shows a curved, light-colored staircase with pale stone steps, a brown wooden handrail on white balusters, and a landing with a bright window and blue vertical panels. A person stands near the upper landing; a red cloth is draped near the lower railing, and dark objects are visible at the right edge.","The edited image retains a curved staircase and upper landing, but the steps are dark, the railing and balusters differ in appearance, the window and blue panels are altered in framing, and the red cloth and other right-side objects are no longer visible. People are present on the stairs and landing.","The scene remains recognizably a staircase with an upper landing, but several source-scene details are visibly changed or omitted, including the step appearance and the red cloth and right-side objects. The scene is not wholly replaced, so this meets the partial criterion."
N04,ag,1,jacket_fully_closed,completed,unknown,"A woman stands in the doorway wearing a bright pink jacket. Its front appears open, with a dark garment visible between the jacket sides.","The edited image shows a different-looking woman in a light-colored top, with no clearly identifiable pink jacket or visible jacket opening corresponding to the source garment.","The source target is the woman’s pink jacket, but the edited image does not provide a sufficiently identifiable counterpart or visible jacket edges to judge whether that same jacket was closed. The text overlay is not evidence of a garment change."
N04,ag,2,jacket_fully_closed,completed,unknown,"A woman stands in the doorway wearing a bright pink jacket. Its front appears open, with a dark inner garment visible between the jacket sides.","The edited image shows a different-looking woman in a light-colored top, with no clearly identifiable pink jacket or visible jacket opening corresponding to the source garment.","The source target is the woman’s pink jacket, but the edited image does not provide a sufficiently identifiable view of that same jacket or its closure. The visible top in the edited image cannot be established as the source jacket, so whether the target jacket was closed is indeterminable."
N04,ag,1,preserve_source_scene,completed,absent,"The source shows a hallway with a woman standing in the doorway wearing a bright pink jacket, with a dark room behind her and a small dark item on the floor nearby.","The edited image shows a different-looking woman much closer to the camera in the hallway, with long hair and a light-colored top; the pink-jacketed woman and the floor item are not visible. Text overlays the bottom of the image.","The edited image does not retain the same recognizable woman or salient scene content: the woman’s appearance and clothing differ substantially, and the source floor item is absent. This is not merely a localized jacket-closure change, so the scene-preservation condition is absent."
N04,ag,2,preserve_source_scene,completed,absent,"The source shows a hallway with a woman standing in the doorway wearing a bright pink jacket, with a dark room behind her and a small dark item on the floor nearby.","The edited image shows a different-looking woman much closer to the camera in the hallway, with long hair and a light-colored top; the pink-jacketed woman and the floor item from the source are not visible. Text overlays the bottom of the image.","The edited image does not preserve the recognizable source scene and woman: the central person’s appearance and clothing differ substantially, and salient source content is missing. This is more than a localized jacket-closure change."
N14,clevr,1,target_cube_gray,completed,complete,"A blue cube is visible near the bottom center, in front of the green cube. Its top and side faces appear blue.","The corresponding cube remains recognizable near the bottom center, but its visible faces appear gray rather than blue. A small orange detail is visible on its front-facing area.","The source blue cube is still identifiable in the edited image and is visibly gray, satisfying the requested recoloring. The orange detail does not prevent the cube from being recognizable as the same cube."
N14,clevr,2,target_cube_gray,completed,complete,"The target is the blue cube near the bottom center, in front of the green cube. It has blue visible on its top and side faces.","The corresponding cube remains recognizable in the same area, but its visible faces are gray; a small orange detail is visible on its front face.",The source blue cube is visibly recolored gray in the edited image and remains recognizable as the same cube. The small orange detail does not change the overall gray appearance.
N14,clevr,1,preserve_source_scene,completed,partial,"The source shows a gray studio scene with a blue cube in the foreground, a green cube, a large green cylinder, a small yellow cylinder, two red spheres, a small purple cube, a large purple box, a yellow sphere, and a reflective dark sphere.","The scene and most objects remain recognizable in similar positions, but the foreground blue cube is gray and appears altered in shape or surface, with a small orange detail visible on it. The other visible objects remain present.","The requested recoloring is allowed, but the foreground cube has a meaningful unintended alteration beyond color: its appearance is no longer the same blue cube, with a changed-looking form/surface and an added orange detail. The rest of the scene is largely preserved, so this is partial rather than absent."
N14,clevr,2,preserve_source_scene,completed,partial,"The source shows a gray studio scene with a blue cube in the foreground, alongside a reflective silver sphere, green cylinder and cube, yellow cylinder and sphere, two small red spheres, and two purple box-like objects.","The scene and its other objects remain recognizable and in roughly the same positions, but the foreground blue cube is gray. Its top appears partly separated or hinged, with a small orange detail visible on the front-facing surface.","The requested recoloring is allowed, and the overall scene is preserved. However, the target cube has also acquired a noticeable altered top/opening and an orange detail not present in the source, a meaningful unintended change to the target object beyond its color."
N16,clevr,1,remove_target,completed,complete,"A small blue, glossy cube is visible on the right side of the source image, separate from the larger purple and blue objects.",The corresponding area on the right is empty of the blue glossy cube; only faint shadows remain there.,"The identified tiny blue shiny object is the cube at the right of the source. It is no longer visibly present in the edited image, including as a recognizable fragment or relocated instance."
N16,clevr,2,remove_target,completed,complete,"A small blue, shiny cube is visible on the right side of the source image, separate from the larger purple and blue objects.",The cube is no longer visible on the right side of the edited image; that area shows only the background and shadows.,"The source target is the distinct small blue shiny cube at the right. It is absent from the edited image, with no recognizable fragment or relocated instance visible."
N16,clevr,1,preserve_scene,completed,partial,"The source shows a gray floor and background with several colored geometric objects: a purple sphere at the far left, a red cylinder, a gray cylinder, small brown and yellow cylinders, a blue sphere behind a purple cylinder, a purple rectangular block, a yellow foreground cylinder, and a small blue shiny cube at the right.","The small blue cube and several other source objects are absent, including the purple sphere, blue sphere, and purple cylinder. The remaining objects are still arranged on a gray floor, but there are conspicuous empty areas and shadows where objects had been.","The target blue shiny object is removed, but the edited image also omits multiple non-target objects from the source. The scene remains broadly recognizable, yet these meaningful omissions exceed negligible incidental variation, so preservation is partial."
N16,clevr,2,preserve_scene,completed,partial,"The source shows a gray floor and background with several colored geometric objects: a purple sphere at the left, a red cylinder, a gray cylinder, small brown and yellow cylinders, a blue sphere behind a purple cylinder, a purple rectangular block, and a small blue shiny cube at the right.","The small blue cube and several other source objects are absent, including the purple sphere, blue sphere, and purple cylinder. The remaining objects are still arranged on a gray floor, but there are conspicuous empty areas and shadow-like marks where objects had been.","The target blue shiny object is removed, but the edited image also omits multiple non-target objects from the source. The scene remains broadly recognizable, yet these meaningful omissions exceed negligible incidental variation, so preservation is partial."
N20,emu,1,comic_book_visual_treatment,completed,complete,"The source shows a city intersection with cars, a pedestrian, storefronts, utility poles and wires, and a traffic light. It has a soft, photographic appearance without prominent ink outlines or print-like texture.","The same intersection and recognizable vehicles and buildings remain. The edited image has stronger, sketch-like dark outlines and more posterized, graphic shading and color across much of the scene, though photographic detail remains.","The edited scene shows a broad, coherent comic-book-like treatment through visible outlines and simplified, graphic color and shading, while retaining the source photo’s recognizable content. This is more than a content change or a localized effect."
N20,emu,2,comic_book_visual_treatment,completed,complete,"The source shows a city intersection with cars, a pedestrian, storefronts, utility poles and wires, and a traffic light. It has a soft, photographic appearance without prominent ink outlines or print-like texture.","The same intersection and recognizable vehicles and buildings remain. The edited image has stronger, sketch-like dark outlines and more graphic, somewhat simplified color and shading across much of the scene, though photographic detail remains.","The edited scene shows a broad, coherent comic-book-like treatment rather than a change limited to an object: outlines and graphic color/shading affect the streetscape, vehicles, and other scene elements while preserving the source content."
N20,emu,1,source_scene_preservation,completed,complete,"The source shows a busy urban intersection with storefronts along the left, overhead utility wires, a traffic signal, several cars, and a person standing near the vehicles.","The edited image depicts the same intersection, with the same storefronts, wires, traffic signal, cars, and person. The rendering has stronger outlines and textured, comic-book-like colors.",The overall scene and recognizable main elements are preserved; the visible change is stylistic rather than a scene replacement.
N20,emu,2,source_scene_preservation,completed,complete,"The source shows a busy urban intersection with storefronts along the left, overhead utility wires, a traffic signal, several cars, and a person standing near the vehicles.","The edited image depicts the same intersection, with the same storefronts, wires, traffic signal, cars, and person. The rendering has stronger outlines and textured, comic-book-like colors.",The overall scene and recognizable main elements are preserved; the visible change is stylistic rather than a scene replacement.
N24,emu,1,background_oil_painting,completed,complete,"The background is a nearly black area surrounding and behind the helmets and tabletop display, with little visible texture.","The same surrounding background appears brown and visibly textured, with broad, uneven painterly-looking marks across much of the area behind the objects.","The background itself has changed from nearly black to a visibly textured, painterly appearance across the broad background area. This is recognizable oil-paint-like treatment, rather than a change limited to the foreground objects."
N24,emu,2,background_oil_painting,completed,complete,"The background is a nearly black area surrounding and behind the helmets and tabletop display, with little visible texture.","The same surrounding background appears brown and visibly textured, with broad, uneven painterly-looking marks across much of the area behind the objects.","The background itself has changed from nearly black to a visibly textured, painterly appearance across the broad background area. This is recognizable oil-paint-like treatment, rather than a change limited to the foreground objects."
N24,emu,1,preserve_source_scene,completed,complete,"The source shows a dark scene with two helmets and several wooden mallets resting on a pale, red-streaked rectangular surface.","The edited image retains the same helmets, mallets, and red-streaked surface in the same arrangement. The image has a painterly, oil-like rendering, including in the dark background.","The recognizable source scene and main objects are preserved. The visible change is primarily a painterly treatment, including of the background; there is no substantial replacement of the scene or main subject."
N24,emu,2,preserve_source_scene,completed,complete,"The source shows a dark scene with two helmets and several wooden mallets resting on a pale, red-streaked rectangular surface.","The edited image retains the same helmets, mallets, and red-streaked surface in the same arrangement. The image has a painterly, oil-like rendering, including in the dark background.","The recognizable source scene and main objects are preserved. The visible change is primarily a painterly treatment, including of the background; the scene is not substantially replaced or obscured."
N25,epic,1,both_hands,completed,absent,"The source shows one person’s forearms and hands above a plate in the lower center. Both hands are together near the plate’s upper edge, rather than visibly positioned on opposing sides of it.","The same person’s hands remain together above the plate’s upper edge, holding or handling something; neither hand is visibly placed around the plate. A hand-like image on the plate does not establish the person’s second hand around it.","The source-identified person’s two hands are not arranged around the same plate in the edited image. The visible hand positions do not establish the requested relation, so the condition is absent."
N25,epic,2,both_hands,completed,absent,"The source shows one person’s two forearms and hands near the top of the sink drainer, handling a small item. A plate is below them, and neither hand is positioned around the plate.","The same person’s hands are still together near the top of the drainer, handling the small item. One hand is visible resting on the plate, but the other remains away from the plate; the hands do not flank or enclose it.",The source-identified person’s two hands are not arranged around the same plate in the edited image. A hand touching the plate while the other is elsewhere does not establish the requested around-plate relation.
N25,epic,1,preserve_source_scene,completed,complete,"The source shows a person at a stainless-steel sink and draining board, with a purple utensil holder, a green item and white drain cover in the sink, and a plate on the board. The person’s hands are near a small cluster of food above the plate.","The edited image retains the same sink, draining board, purple utensil holder, green item, white drain cover, plate, and person. The hands and food are positioned differently, and one hand is visible over the plate.",The source scene and its identifiable principal objects remain recognizable in the edited image; there is no noticeable replacement or unintended loss of unrelated scene content. The visible differences are consistent with the requested hand-position change and incidental rendering variation.
N25,epic,2,preserve_source_scene,completed,partial,"The source shows a sink and draining board, a purple utensil holder, and a plate with food near the bottom. The person's hands are over a small food item near the faucet; the plate and surrounding kitchen scene are visible.","The edited image retains the same sink, draining board, purple utensil holder, person, and plate. The hands and food near the faucet are positioned differently, and one hand is visible over the plate; the scene remains otherwise recognizable, though the plate contents appear somewhat different or less clearly visible.","The source scene and principal identities are preserved, so this is not a scene replacement. However, there is a noticeable localized change to the plate/food content or its visibility beyond the requested hand-position change, making preservation partial rather than complete."
N31,epic,1,open_sandwich_maker,completed,absent,"A small white-and-green sandwich maker is visible on the counter at the left. Its white upper lid appears lowered over the green base, with no clear gap indicating that it is open.","The same white-and-green sandwich maker remains at the left. Its upper lid still appears lowered over the base, with no discernible raised lid or gap; the sandwich held in the foreground does not establish that the maker is open.",The target appliance is identifiable in both images and appears closed in the edited image. The sandwich’s presence in the foreground is not evidence that the sandwich maker was opened or that the sandwich was placed inside.
N31,epic,2,open_sandwich_maker,completed,absent,"A white-and-green sandwich maker is visible on the left side of the counter. Its upper lid appears lowered over the base, with no clear gap showing it open.","The same white-and-green sandwich maker remains on the left. Its upper lid still appears lowered over the base; no raised lid or discernible gap is visible. A sandwich is held nearby, but it is not visibly inside the maker.","The target appliance is identifiable in both images and appears closed in the edited image, so the required visible open configuration is absent."
N31,epic,1,sandwich_inside_maker,completed,absent,A sandwich maker is visible on the counter with its lid closed. A hand holds a slice of bread nearby; no sandwich is visibly inside the appliance.,"The same sandwich maker remains on the counter with its lid closed. A hand holds a toasted sandwich beside it, and the sandwich is not visibly between the plates or entering the cooking area.","The edited image shows a recognizable sandwich, but it is held next to the closed sandwich maker rather than visibly placed inside or entering its cooking area. Proximity does not establish placement."
N31,epic,2,sandwich_inside_maker,completed,absent,A sandwich maker is visible on the counter with its lid closed. A hand holds a slice of bread nearby; no sandwich is visibly inside the appliance.,"The same sandwich maker remains on the counter with its lid closed. A hand holds a toasted sandwich beside it, and the sandwich is not visibly between the plates or entering the cooking area.","The edited image shows a recognizable sandwich, but it is held next to the closed sandwich maker rather than visibly placed inside or entering its cooking area. Proximity does not establish placement."
N31,epic,1,preserve_source_scene,completed,partial,"The source shows a kitchen counter with a sink, bottles and small items in the basin, a sandwich maker on the left, and a hand holding a slice of bread on the right. The sandwich maker appears closed.","The edited image retains the kitchen counter, sink, basin items, and sandwich maker in roughly the same arrangement. The sandwich maker remains closed, while the hand now holds a toasted sandwich; some details and proportions appear altered.","The recognizable source setting and most unrelated content remain, so the scene has not been replaced. However, there are noticeable unintended changes to the appearance and arrangement of visible content, particularly the hand-held food and sink details, beyond the requested opening and placement. Thus preservation is partial."
N31,epic,2,preserve_source_scene,completed,partial,"The source shows a kitchen counter with a sink, bottles and small items in the basin, a sandwich maker on the left, and a hand holding a slice of bread on the right. The sandwich maker appears closed.","The edited image retains the kitchen counter, sink, basin items, and sandwich maker in roughly the same arrangement. The sandwich maker remains closed, while the hand now holds a toasted sandwich; some details and proportions appear altered.","The recognizable source setting and most unrelated content remain, so the scene has not been replaced. However, there are noticeable unintended changes to the appearance and arrangement of visible content, particularly the hand-held food and sink details, beyond the requested opening and placement. Thus preservation is partial."
N35,kubric,1,c1,completed,unknown,The source shows one yellow Nesquik canister to the left of a folded red-and-white striped towel. The towel’s right side is the side opposite the canister in the image.,"The edited image shows two similar yellow canisters, one on each side of the towel. The canister on the towel’s right is visibly positioned beside it, but the image does not establish which canister is the source-identified one.","The source target is the single yellow canister, but the edited image contains two similar canisters and does not provide clear visual evidence identifying which is the original. Although one canister is on the towel’s right side, its identity as the source canister cannot be reliably determined."
N35,kubric,2,c1,completed,unknown,"The source shows one yellow canister to the left of a red striped towel. Its visible packaging is too small to read clearly, but it is the yellow container identified by the condition as the Nesquik canister.","The edited image shows two similar yellow canisters, one on each side of the red striped towel. The canister on the towel’s right side is visibly beside it, but the image does not establish which of the two canisters is the source canister.","The source target is the single yellow canister left of the towel. In the edited image, two similar canisters make it unclear whether the source-identified canister was moved to the towel’s right side or whether the right-side canister is a different object. The requested placement therefore cannot be reliably judged."
N35,kubric,1,c2,completed,partial,"The source shows a brown textured floor, a red-and-white striped towel near the center-right, and one yellow canister to the towel’s left.","The edited image retains the same brown floor and striped towel, but shows two yellow canisters, one on each side of the towel. The composition and object positions differ from the source beyond a single canister relocation.","The scene remains recognizable and the towel and background are preserved, but an extra canister is visible and the arrangement has changed beyond the requested placement. This is a partial preservation of the source scene."
N35,kubric,2,c2,completed,partial,"The source shows a brown textured floor, a red-and-white striped towel near the center-right, and one yellow canister to the towel’s left.","The edited image retains the same brown floor and striped towel, but shows two yellow canisters, one on each side of the towel. The composition and object positions differ from the source beyond a single canister relocation.","The scene remains recognizable and the towel and background are preserved, but an extra canister is visible and the arrangement has changed beyond the requested placement. This is a partial preservation of the source scene."
N38,kubric,1,swap_positions,completed,absent,The SOURCE shows a small brown-and-cream shoe-like object near the upper center and a larger bright green rounded object near the lower center.,"In the EDITED image, the brown-and-cream object remains near the upper center, while the green object remains near the lower center, though its appearance and orientation have changed.","The two source objects are identifiable, but their positions have not been exchanged: the brown object is still above the green one, and the green object is still below it. The green object's changed appearance or orientation alone does not show a positional swap."
N38,kubric,2,swap_positions,completed,absent,The SOURCE shows a small brown-and-cream shoe-like object near the upper center and a larger bright green rounded object near the lower center.,"In the EDITED image, the brown-and-cream object remains near the upper center, while the green object remains near the lower center, though its visible orientation or surface appearance has changed.","The two source objects are identifiable in the EDITED image, but they have not exchanged positions: each remains approximately in its original upper or lower location. A change in the green object's appearance does not establish a positional swap."
N38,kubric,1,preserve_source_scene,completed,complete,"The source shows a snowy scene with a green Android figure near the lower center and a shoe-like object above it; snow, shadows, and other background details fill the frame.","The edited image retains the same snowy setting, shadows, and overall arrangement. The green figure and shoe-like object appear altered in size or orientation, but the background and other scene content remain substantially consistent.","The scene remains recognizably the same, with no substantial unrelated replacement, removal, or movement of source content. The visible changes are localized to the two objects selected for the positional swap, so the scene-preservation condition is met."
N38,kubric,2,preserve_source_scene,completed,complete,"The source shows a snowy ground scene with a small brown object near the upper center and a bright green Android-shaped figure below it. Snow texture, shadows, and other background details fill the rest of the image.","The edited image retains the snowy scene and broadly similar shadows and background texture. The brown object and green figure are still present, though their appearance and orientation differ; no substantial background replacement or unrelated removal or movement is evident.","The overall scene remains recognizably the same snowy setting, with the two objects still visible and no substantial unrelated change to the source content. The condition concerns preserving the scene apart from the requested swap, and the visible background is largely retained."
N42,magicbrush,1,patties_in_pan,completed,absent,"The source pan is the black ridged pan at the upper left. It contains several pale, rounded food pieces along its right side; these do not clearly look like patties. Sausages are in a separate red dish.","The same black ridged pan still contains pale rounded pieces along its right side, with no clearly recognizable patties visible in it. Sausages remain in the separate red dish.","The target pan is identifiable, but the edited image does not visibly show recognizable patty-shaped food inside it. The pale pieces appear to be pre-existing source food rather than a clear addition of patties, and the sausages are in another vessel."
N42,magicbrush,2,patties_in_pan,completed,complete,"The source pan is the black ridged pan at the left. It contains several pale, round-to-oval patty-like items along its right side; the sausages are in a separate red dish.","The same black ridged pan at the left still contains several pale, round-to-oval patty-like items along its right side. The sausages remain in the separate red dish.","The requested patties are visibly present within the source pan in the edited image. They were already present in the source, so this is not a newly added change, but the condition asks whether the edited image contains recognizable patties in that pan, which it does."
N42,magicbrush,1,preserve_source_scene,completed,complete,"The source shows an outdoor grilling setup: an open grill with several pale round patties on the ridged pan, a red dish holding sausages partly covered by foil, toasted bread at right, and surrounding grill items.","The edited image retains the same grilling setup and composition, including the grill, red sausage dish and foil, toasted bread, and surrounding objects. The patties remain visible on the ridged pan.","The scene remains recognizably the same, with the source pan and surrounding scene retained and no substantial unrelated changes. The requested patties are visible, and the preservation criterion is satisfied."
N42,magicbrush,2,preserve_source_scene,completed,complete,"The source shows an outdoor grilling setup: an open grill with several pale round patties on the ridged pan, a red dish holding sausages partly covered by foil, toasted bread at right, and surrounding grill items.","The edited image retains the same grilling setup and composition, including the grill, red sausage dish and foil, toasted bread, and surrounding objects. The patties remain visible on the ridged pan.","The scene remains recognizably the same, with the source pan and surrounding scene retained and no substantial unrelated changes. The requested patties are visible, and the preservation criterion is satisfied."
N43,magicbrush,1,banana_shaped_candles,completed,absent,A multi-armed candle holder sits on top of the dresser; no banana-shaped candles are visible in the source.,"Several lit candle-like objects appear on the dresser near the holder. They have upright, mostly straight forms rather than recognizable banana-like curves.","The edited image shows candle-like objects, but their visible shapes are not recognizably banana-shaped, so the requested condition is absent."
N43,magicbrush,2,banana_shaped_candles,completed,absent,A multi-armed candle holder sits on top of the dresser; no banana-shaped candles are visible in the source.,"Several lit candle-like objects appear on the dresser near the holder. They have upright, mostly straight forms rather than recognizable banana-like curves.","The edited image shows candle-like objects, but their visible shapes are not recognizably banana-shaped, so the requested form is absent."
N43,magicbrush,1,placement_in_candle_holder,completed,partial,A small multi-arm candle holder sits on the dresser; it has several short arms with candle cups and no visible banana-shaped candles.,"The same holder is on the dresser. Several bright, upright banana-shaped candles appear positioned in its cups, while some of the holder’s arms remain without visible candles.","The edited image shows banana-shaped candles visibly placed in or supported by the SOURCE holder, but the arrangement only partly occupies the holder: some visible arms remain empty."
N43,magicbrush,2,placement_in_candle_holder,completed,partial,A small multi-arm candle holder sits on the dresser; it has several short arms with candle cups and no visible banana-shaped candles.,"The same holder is on the dresser. Several bright, upright banana-shaped candles appear positioned in its cups, while some of the holder’s arms remain without visible candles.","The edited image shows banana-shaped candles visibly placed in or supported by the SOURCE holder, but the arrangement only partly occupies the holder: some visible arms remain empty."
N43,magicbrush,1,preserve_source_scene,completed,complete,"The source shows a bedroom scene with a patterned bedspread in the foreground, a dresser and small framed item against the back wall, a candle holder on the dresser, and a dark doorway or cabinet area at right.","The edited image retains the same bedroom, patterned bedspread, dresser, framed item, and background. The candle holder now has several bright, yellow candle-like objects placed in it; other scene details appear largely unchanged.","The overall scene remains recognizably the same, with the candle holder and surrounding room retained. The visible changes are consistent with adding candles, and there are no clear unrelated removals or alterations substantial enough to affect scene preservation."
N43,magicbrush,2,preserve_source_scene,completed,partial,"The source shows a bedroom scene with a patterned bedspread in the foreground, a dresser and small objects against the back wall, a candle holder on the dresser, and a dark doorway or cabinet area at right.","The edited image retains the same bedroom, patterned bedspread, dresser, and background. The candle holder now has several lit, yellow candle-like objects; the dresser-top objects and their arrangement appear somewhat changed, with some original items no longer visible.","The scene remains recognizably the same, and the requested candles are an allowed change. However, there are noticeable unrelated changes to objects on the dresser, including apparent removal or alteration of some source items, so preservation is not complete."
N46,magicbrush,1,helmet_on_source_woman,completed,complete,"The SOURCE shows a woman seated on a motorcycle, with her head and hair clearly visible and no helmet on her head.",The same woman is seated on the motorcycle wearing a dark helmet on her head. She is also holding a separate helmet beside her.,"The SOURCE woman is identifiable in the EDITED image, and a helmet is visibly worn as headwear on her head. The separate helmet she holds is not needed to establish the condition."
N46,magicbrush,2,helmet_on_source_woman,completed,complete,"The source shows a woman seated on a motorcycle, with her head and hair visible and no helmet on her head.",The same woman is seated on the motorcycle wearing a dark helmet positioned on her head. She also holds a separate helmet near her lap.,"The source woman is identifiable in the edited image, and a helmet is visibly worn as headwear on her head. The separate helmet she holds is not needed to establish the condition."
N46,magicbrush,1,preserve_source_scene,completed,partial,"The source is a black-and-white street scene with a woman reclining across a motorcycle, in front of a brick building with doorways and windows.","The edited image retains the motorcycle and recognizable brick-building street setting, but the woman is now seated upright in different clothing and pose, holding a helmet, and the image is colorized/cropped differently.","The scene is still recognizably the same motorcycle-and-brick-building setting, so it is not replaced. However, substantial unintended changes to the woman’s pose, clothing, and placement, along with the altered presentation, go beyond the localized helmet addition; this meets the partial criterion."
N46,magicbrush,2,preserve_source_scene,completed,partial,"The source is a black-and-white street scene with a woman reclining across a motorcycle, in front of a brick building with doorways and windows.","The edited image retains the motorcycle and recognizable brick-building street setting, but the woman is now seated upright in different clothing and pose, holding a helmet, and the image is colorized/cropped differently.","The scene is still recognizably the same motorcycle-and-brick-building setting, so it is not replaced. However, substantial unintended changes to the woman’s pose, clothing, and placement, along with the altered presentation, go beyond the localized helmet addition; this meets the partial criterion."
N48,magicbrush,1,giraffe_added,completed,complete,"The field contains several horses, with no recognizable giraffe visible.","A recognizable giraffe with a long patterned neck and four legs is visible near the center of the field, beside the water channel.","The edited image visibly adds at least one identifiable giraffe, and its placement on the grassy field provides evidence that it is in the requested location."
N48,magicbrush,2,giraffe_added,completed,complete,The source shows a grassy field with several horses; no giraffe is visible.,"The edited image shows a recognizable giraffe standing in the grassy field near the center, beside the water channel.","The edited image visibly contains a recognizable giraffe, and its placement among the field’s grass shows that it is in the target field. The horses in the source are different animals and do not count as a pre-existing giraffe."
N48,magicbrush,1,source_scene_preserved,completed,complete,"SOURCE shows a grassy field with several horses, a long open-sided shelter in the background, trees and a low horizon, plus a narrow water channel and posts in the foreground.","EDITED still shows the same field scene: the horses, shelter, trees, grassy ground, water channel and foreground posts remain recognizable, though their framing and apparent scale differ. A giraffe has been added in the field.",The edited image retains the recognizable source setting and its substantial existing scene content. The giraffe appears as an addition rather than a replacement of the field scene.
N48,magicbrush,2,source_scene_preserved,completed,complete,"SOURCE shows a grassy field with several horses, a long open-sided shelter in the background, trees and a low horizon, plus a narrow water channel and posts in the foreground.","EDITED retains the same field scene: the horses, shelter, trees, horizon, water channel and foreground posts remain recognizable, though their scale and framing differ. A giraffe has been added in the field.","The edited image remains recognizably the same field and surrounding scene, with its existing content substantially retained. The giraffe appears as an addition rather than a replacement of the scene."
N50,something,1,tipping_sign,completed,absent,"The source shows a decorative freestanding sign spelling “I ♥ MEUS” upright on the table, with its letters standing vertically on a horizontal base.","The edited image shows the same decorative sign still upright on its base, with the letters vertical and no visible tipping. The image also includes a separate side-by-side view of green letter tiles, but these do not show the source sign tipped over.",The source sign is identifiable and remains upright in the edited view; there is no recognizable change in its orientation or position indicating it was tipped. The separate green tiles are not the source sign.
N50,something,2,tipping_sign,completed,absent,"The source shows a decorative freestanding sign spelling “I ♥ MEUS” upright on the table, with its letters standing vertically on a horizontal base.","The edited image shows the same decorative sign still upright on its base, with the letters vertical and no visible tipping. The image also includes a separate side-by-side view of green letter tiles, but these do not show the source sign tipped over.",The source sign is identifiable and remains upright in the edited view; there is no recognizable change in its orientation or position indicating it was tipped. The separate green tiles are not the source sign.
N50,something,1,preserve_source_scene,completed,partial,"The source shows a wooden tabletop with a decorative “I ♥ M…S” sign in the foreground, with a purple chair and sofa behind it.","The edited image is a side-by-side composition: the left panel retains the original tabletop scene and sign, while the right panel shows a different set of green letter tiles on the table. The original scene is still recognizable, but the added panel changes and obscures part of the presentation.","The source scene remains identifiable in the edited image, so it is not a wholesale scene replacement. However, the edited image adds a substantial second panel with different content rather than making only a localized change to the sign; some surrounding source content is consequently altered or obscured."
N50,something,2,preserve_source_scene,completed,partial,"The source shows a wooden tabletop with a decorative “I ♥ M…US” sign in the foreground, a purple chair behind it, and a dark sofa at the upper right.","The edited image is a side-by-side composition: the left panel retains the source sign and room, while the right panel shows three separate green letter-like signs on the same tabletop with the chair and sofa behind them.","The source setting remains recognizable in the edited image, and the original sign is still visible in the left panel. However, the edited image adds a second panel with different sign content, so surrounding source content is altered beyond what is needed to show the sign tipped over. The sign is not visibly tipped over in the retained source panel."
N54,something,1,egg_added,completed,complete,The source shows an empty bowl on a tabletop; no egg is visible.,"The edited image shows a cooked egg-like item resting inside the bowl, with a bright yolk and browned edges. A spoon is also in the bowl.","The same bowl identified in the source visibly contains a recognizable egg in the edited image, satisfying the placement criterion. The egg is inside the bowl, not merely nearby."
N54,something,2,egg_added,completed,complete,"A large, empty bowl with a dark rim sits on the tabletop; no egg is visible in it.","The same bowl contains a visible fried egg near its bottom, with the yolk and white inside the bowl. A hand is also visible at the bowl’s left side.","The edited image visibly shows an egg inside the bowl, satisfying the placement criterion. The egg is not merely nearby or at the rim."
N54,something,1,scene_preservation,completed,partial,"A large empty, dark-rimmed bowl sits on a tan tabletop. The tabletop extends toward the back, with a white wall on the right and dark vertical background elements and colorful items at the far left.","A similar dark-rimmed bowl is on a tabletop with a white wall to the right and dark vertical elements and colorful items at the left. The bowl contains an egg-like item, while a large pink object intrudes into the foreground; the tabletop and framing also appear changed from the source.","The bowl and several surrounding scene features remain recognizable, so this is not a scene replacement. However, the tabletop appearance and camera framing differ, and the prominent foreground object is additional or obscures part of the scene beyond the requested egg addition. The scene is therefore preserved only partially."
N54,something,2,scene_preservation,completed,partial,"SOURCE shows an empty, wide ceramic bowl with a dark rim on a tan tabletop, with a white wall to the right and dark vertical background elements behind it.","EDITED still shows a ceramic bowl on a tabletop with the white wall and dark vertical background elements, and now contains an egg. The bowl and scene are viewed from a different angle; a hand or utensil-like object is also visible beside the bowl.","The same bowl and surrounding setting remain recognizable, and the egg addition is present. However, salient scene details have changed beyond the requested addition: the tabletop appears gray-green rather than tan, the viewpoint is substantially different, and an additional foreground object is visible."
N57,whatsup,1,cap_identity,completed,absent,"A red Houston Rockets baseball cap with a curved brim and light-colored trim lies in the foreground, below and to the right of a small orange candle.","The edited image shows several lit candles on a wooden surface. The red cap is not visible, and no object can be identified as the source cap.","The source cap is clearly identifiable, but it is missing from the edited image; the candles and wooden surface do not appear to be the cap moved to a new position."
N57,whatsup,2,cap_identity,completed,absent,"A red Houston Rockets baseball cap with a curved brim and light-colored trim lies in the foreground, below and to the right of a small orange candle.","The edited image shows several lit candles on a wooden surface. The red cap is not visible, and no object can be identified as the source cap.","The source cap is clearly identifiable, but it is missing from the edited image; the candles and wooden surface do not appear to be the cap moved to a new position."
N57,whatsup,1,cap_position,completed,unknown,"The SOURCE cap is a red Houston Rockets baseball cap in the foreground, below and to the right of the orange candle jar; the cap is visibly to the candle's right.","The EDITED image shows several lit candles on a wooden surface, but no red cap is visible. The SOURCE cap cannot be matched to an object in this image.","The SOURCE cap is identifiable, but it is absent from the EDITED image, so its position relative to the candle cannot be determined. The visible candles do not establish that the cap was moved to the candle's right."
N57,whatsup,2,cap_position,completed,unknown,"The SOURCE cap is a red Houston Rockets cap in the foreground, below and to the right of the orange candle jar; the cap is visibly to the candle's right.","The EDITED image shows several lit candles on a wooden surface, but no red cap is visible.","The SOURCE cap is identifiable, but it has no visible counterpart in the EDITED image, so its position relative to the candle cannot be assessed. The edited candles do not establish where the source cap went."
N57,whatsup,1,scene_preservation,completed,absent,"The source shows a red Houston Rockets cap on a dark tabletop, with a small orange candle behind it and a plain light wall in the background.","The edited image shows several lit candles on a wooden surface in a warm, blurred setting. The red cap, original tabletop, and plain wall are not visible.","The edited image depicts a substantially different scene rather than preserving the recognizable source setting and its principal contents. The candle and background from the source are replaced, and the cap is absent; this is a scene replacement, not merely the requested cap relocation."
N57,whatsup,2,scene_preservation,completed,absent,"The source shows a red Houston Rockets cap on a dark tabletop, with a small orange candle behind it and a plain light wall in the background.","The edited image shows several lit candles on a wooden surface in a different warm-toned setting. The red cap, original tabletop, and plain wall are not visible.","The edited image replaces the recognizable source scene with a substantially different candle scene, removing the cap and changing the background and other principal contents. This does not preserve the source scene apart from the requested cap relocation."
N59,whatsup,1,C1,completed,absent,"A black saucepan sits on the chair seat, near the center-right of the seat; the chair is centered in the image.","The same black saucepan remains on the chair seat in roughly the same position. Several white cup-like objects appear elsewhere, including to the right of the chair, but the saucepan is not visibly relocated there.",The source pot is identifiable as the black saucepan on the chair. In the edited image it remains on the chair rather than being moved to the chair’s right; the separate objects to the right do not count as movement of the source pot.
N59,whatsup,2,C1,completed,absent,"A black saucepan with a handle sits on the chair seat, near the center-right of the chair.","The chair remains in place. The black saucepan is still on the chair seat, while several white cup-like objects appear elsewhere in the scene.",The source saucepan is identifiable and remains on the chair rather than being visibly relocated to the chair’s right. The additional white objects do not count as movement of the source pot.
N59,whatsup,1,C2,completed,partial,"The source shows a wooden chair centered against a beige wall, with a black pot on its seat; the wall outlet, baseboard, and wood floor are also visible.","The chair and room remain recognizable, but the edited image adds several white pot-like objects around the chair and changes the pot on the seat into a layered-looking arrangement. The wall, outlet, baseboard, and floor are otherwise broadly preserved.","The original scene is still recognizable, but there are substantial unintended additions and alterations to surrounding content beyond simply relocating the pot. This fits partial rather than complete; the scene has not been replaced."
N59,whatsup,2,C2,completed,partial,"The source shows a wooden chair centered against a beige wall, with a black pot on its seat; the wall outlet, baseboard, and wood floor are also visible.","The chair and room remain recognizable, but the pot is still on the chair seat. Several white cup-like objects have appeared around the chair, including two on the floor to its right and one near the left baseboard; the outlet and other scene details also differ slightly.","The original scene is preserved, but the edited image introduces substantial unintended objects around the chair rather than limiting changes to the requested pot relocation. The pot itself does not appear to have been moved to the right of the chair. This is a substantial surrounding-content change, not a scene replacement."
N64,whatsup,1,C1,completed,absent,"The source shows a black oven mitt on the floor to the right of the wooden chair, outside the area beneath it.","The edited image shows a dark mitt on the floor to the right of the chair, still outside the area beneath the chair.",The source mitt appears to remain in its original position rather than being moved under the source chair. The under-chair relation is not visible.
N64,whatsup,2,C1,completed,absent,"The source oven mitt is the black mitt lying on the floor to the right of the wooden chair. The chair is centered in the image, and the mitt is outside its footprint.","The edited image shows a dark mitt on the floor to the right of the chair, still outside the chair’s footprint; no mitt is visibly beneath the chair.","The source mitt remains beside, rather than beneath, the source chair in the edited image. The requested under-chair spatial relation is not visible."
N64,whatsup,1,C2,completed,complete,"The source shows a wooden chair centered against a beige wall, with a wall outlet on the left, a white baseboard, and a wooden floor. A black oven mitt lies on the floor to the chair’s right.","The edited image retains the chair, beige wall, outlet, baseboard, and wooden floor, though the scene is framed more widely and the chair appears smaller. A dark mitt-like object is on the floor to the chair’s right, not under it.",The preservation condition is met: the recognizable source scene and its main unrelated contents remain. The changed framing and scale do not amount to a substantial scene replacement or loss under the stated criteria.
N64,whatsup,2,C2,completed,complete,"The source shows a wooden chair centered against a beige wall, with a wall outlet to the left, white baseboard, and wood floor. A black oven mitt lies on the floor to the chair’s right.","The edited image retains the same chair, beige wall, outlet, baseboard, and wood floor, though the view is more distant and the chair appears smaller. A dark oven mitt is now on the floor to the chair’s right, near the lower-right edge.",The recognizable source scene and its unrelated contents are preserved. The changed framing and scale do not amount to a substantial scene replacement or loss; the mitt’s position is excluded from this preservation condition.
