case,condition,repeat,outcome,status,source_observation,edited_observation,rationale
J01,curtains_closed_state,1,completed,partial,"The window has several light-colored curtain panels gathered near the sides, leaving most of the bright glass exposed.","The same window curtains appear gathered more tightly at the sides, but most of the window glass remains uncovered and brightly lit.","The curtains have been drawn further than in the source, with more fabric gathered toward the sides, but the window remains substantially exposed and significant light is still visible. This is an incomplete, clearly progressed closing."
J01,curtains_closed_state,2,transport_error,,,,
J01,curtains_closed_state,3,completed,partial,"The window has several light-colored curtains gathered at the sides, leaving most of the bright glass exposed.","The same curtains appear more drawn inward, with darker panels covering some of the window, but large bright sections of glass remain exposed.","Compared with the source, the curtains have moved farther across the window and cover more of it. However, a substantial portion of the glass remains uncovered and brightly lit, so the closing is incomplete."
J01,curtains_closed_state,4,completed,absent,"The curtains are open, with several panels gathered at the sides of the window and most of the bright glass exposed.","The same curtains remain gathered at the sides; most of the window glass is still exposed and brightly lit, with no clear increase in coverage.","The curtains do not appear to have been drawn further than in the source. The window remains largely uncovered with substantial light visible, meeting the absent criterion."
J01,curtains_closed_state,5,completed,absent,"The window has several light-colored curtain panels gathered near the sides, leaving most of the bright glass exposed.","The same curtains appear gathered more toward the sides, while most of the window remains uncovered and brightly lit.","The curtains do not visibly cover more of the window than in the source; the glass remains largely exposed with substantial light passing through, so the requested closing is not evident."
J01,person_action_association,1,completed,absent,"A seated person is beside the bright window. The curtains are open, and the person’s raised hand appears near the window area, but clear contact with the curtain is not visible.",The same person remains seated beside the window with a hand raised near the curtains. The curtains still appear open around the bright window; no clear hand-to-curtain contact or pulling is visible.,"The person is not visibly grasping or touching the curtain, and there is no clear evidence of closing action. The edited curtains do not appear more closed than in the source, so the criteria for partial or complete are not met."
J01,person_action_association,2,completed,absent,"A seated person is beside the bright window. The curtains are open, and the person’s raised hand appears near the window area, but clear contact with the curtain is not visible.",The same person remains seated beside the window with a hand raised near the curtains. The curtains still appear open around the bright window; no clear hand-to-curtain contact or pulling is visible.,"The person is not visibly grasping or touching the curtain, and there is no clear evidence of closing action. The edited curtains do not appear more closed than in the source, so the criteria for partial or complete are not met."
J01,person_action_association,3,completed,absent,"A person is seated beside the bright window. The curtains are open, and the person’s raised hand appears near the window area, but clear contact with the curtain is not visible.","The same seated person remains beside the window. The curtains are still open around the bright window; the person’s hand is raised near the window, with no clear visible contact with or pulling of the curtain.","The person is not visibly grasping or touching the curtain, and the curtains do not appear more closed than in the source. A hand near the window is not evidence of closing under the stated criteria."
J01,person_action_association,4,completed,absent,"A person is seated beside a wide, bright window. The curtains are mostly open, and the person’s raised hand appears near the window area, but clear contact with the curtain is not visible.","The same person remains seated beside the window. The curtains appear gathered into narrower panels, leaving much of the window exposed; the person’s hand is raised near the window, but no clear hand-to-curtain contact or pulling is visible.","The edited curtains look more gathered than in the source, but the person is not visibly touching or pulling them. The criteria require direct contact for partial credit, so the changed curtain appearance alone does not establish that this person is closing them."
J01,person_action_association,5,completed,absent,"A person sits beside the bright window. The curtains are open, and the person’s raised hand appears near the window area, but clear contact with the curtain is not visible.","The same person remains seated beside the window. The curtains are still open around the bright window; the person’s raised hand is near the window, with no clear visible contact with or pulling of the curtain.","The person is not visibly grasping or touching the curtain, and the edited image does not show the curtain more closed than in the source. A hand near the window is not sufficient evidence of closing."
J01,scene_preservation,1,completed,partial,"The source shows a living room with a seated person, armchair, bright window and open curtains, TV and shelving unit, wall picture, coffee table, and floor items.","The edited image shows the same living room and the same major furnishings and objects, with the person still seated. The curtains are drawn more across the window, though the window remains largely uncovered and bright.","The overall scene is clearly preserved, with no evident major elements replaced or substantial background change. The curtains are more closed as requested; any differences outside the curtain state appear minor and localized, so this meets the partial criterion for scene preservation."
J01,scene_preservation,2,completed,partial,"The source shows a living room with a seated person in an armchair beside bright windows with curtains, a TV and shelving unit, wall art, a coffee table, and floor items.","The edited image shows the same living room, person, armchair, TV and shelving unit, wall art, coffee table, and floor items. The curtains are drawn more closed, while the windows remain bright.","The major scene elements and overall room are preserved. There are minor localized differences beyond the curtain change, including apparent shifts in the floor items and coffee table contents, and some lighting/exposure variation, so preservation is not entirely unchanged."
J01,scene_preservation,3,completed,partial,"The living room contains a seated person in an armchair by a bright window with light-colored curtains open on either side. A TV and shelving unit, wall picture, coffee table, and floor items are also visible.","The same living room arrangement remains: the seated person and armchair are by the window, with the TV and shelving unit, wall picture, coffee table, and floor items present. The curtains appear darker and drawn more across the window, while the window remains bright.","The scene is clearly the same and its major elements are preserved. There are localized differences beyond the curtain edit, including a changed camera framing/position and some apparent shifts in the furniture and objects; these are minor relative to the preserved scene, so this meets the partial criterion."
J01,scene_preservation,4,completed,complete,"The living room contains a seated person in an armchair by a bright window, curtains hanging along the window, a TV and shelving unit, wall art, a coffee table, and floor items.","The same living room and seated person remain, with the TV and shelving unit, wall art, coffee table, and floor items still present. The curtains are drawn more across the window, while the window remains bright.",The major scene elements and their arrangement are preserved between images. The visible difference is the curtain position consistent with closing them; no substantial unrelated scene change is apparent.
J01,scene_preservation,5,completed,complete,"The source shows a living room with a seated person in an armchair beside bright windows and mostly open curtains. A TV and shelving unit, wall picture, coffee table, and floor items are also visible.","The edited image shows the same living room, person, armchair, TV and shelving unit, wall picture, coffee table, and floor items. The curtains are drawn farther across the windows, while the room remains otherwise very similar; the framing and brightness differ slightly.","The major scene elements are preserved, with no clear unrelated changes beyond minor differences in framing or exposure. The visible curtain-state change is the requested edit, so the scene-preservation criterion is met."
J02,cond1,1,completed,partial,"The woman is seated beside the shelf, with her arm extended toward it; her hand appears blurred and near the shelf, but no clear contact with a book is visible. A book lies on the shelf.","The woman’s arm extends across the shelf area, but her hand is not clearly visible grasping or touching a book. A book remains on the shelf, with no unambiguous grabbing action shown.","The source identifies the woman and the book on the shelf. In the edited image, her extended arm provides some evidence of reaching toward the shelf, but the hand-book contact and grasp are unclear, so the action is not unambiguously depicted."
J02,cond1,2,completed,partial,"The woman is seated beside the shelf, with her hand extended toward the books, but it appears blurred and does not visibly grasp a book.","The woman’s arm extends across the shelf area, but her hand and any contact with a book are obscured or unclear; a book remains visible on the shelf.","The source shows the same woman and shelf-side books, with her hand already reaching toward them. In the edited image, her arm is extended toward the shelf, but there is no clear visible grasp or unambiguous hand-to-book contact. This is evidence of reaching, not a clearly depicted grab."
J02,cond1,3,completed,partial,"The woman is seated beside the shelf, with her arm extended toward a book lying horizontally on the lower shelf; her blurred hand appears near the book, but clear contact or a grasp is not visible.","The woman remains beside the shelf with her arm extended across it. A book-like object lies on the shelf, but her hand is not visibly grasping it; the hand and book contact are unclear.","The source already shows the woman reaching toward the book, so that is a pre-existing interaction rather than evidence of a newly completed grab. In the edited image, the arm is extended toward the shelf, but no unambiguous hand grasp or visible contact with the book can be established. This supports reaching or possible interaction, not a clearly depicted grab."
J02,cond1,4,completed,partial,"The woman is seated beside the shelf, with her hand extended toward the books, but it appears blurred and is not visibly grasping a book. A book is present on the shelf.","The woman remains beside the shelf. Her arm extends across the shelf area, but her hand is not clearly visible contacting or grasping a book; a book remains on the shelf.","The source target is the woman and the book on the shelf. In the edited image, her extended arm suggests reaching toward the shelf, but visible hand-to-book contact and a clear grasp are not established, so the evidence supports interaction only ambiguously rather than a completed grab."
J02,cond1,5,completed,partial,"The woman is seated beside the shelf, with her hand extended toward the books, but it appears blurred and does not visibly touch or grasp a book.","The woman remains beside the shelf, and her arm extends across the surface toward a book lying flat near the shelf. Her hand is not clearly visible making contact or grasping it.","The source shows the woman and books on the shelf, with her hand already reaching toward them. In the edited image, her arm is extended toward a book, providing evidence of interaction, but no clear hand-to-book contact or grasp is visible, so the grabbing action is ambiguous."
J02,cond2,1,completed,absent,"The source shows a woman in a blue hoodie seated beside a dark monitor, with a large Starbucks mug in the foreground and a book lying horizontally on the shelf beneath the monitor. Her hand is extended toward the shelf, but the book remains on it.","The edited image retains the woman, blue hoodie, monitor, mug, and shelf area, but the scene is substantially altered: a large upright book-like object appears at the left edge, the mug and the woman's pose are distorted or changed, and the shelf contents and framing differ. The book is not clearly shown being grabbed.","The criterion concerns preservation of all other scene elements apart from changes needed for the grabbing action. The edited image has major unrelated changes to the woman’s appearance/pose, mug, shelf contents, and framing, rather than preserving the source scene. The requested action is also not clearly depicted."
J02,cond2,2,completed,absent,"The source shows a woman in a blue hoodie beside a dark monitor, with a large white Starbucks mug in the foreground and a book lying horizontally on the shelf beneath the monitor. The room and window are visible behind her.","The edited image retains the woman in a blue hoodie, the monitor, and the general room setting, but the foreground mug is replaced by or obscured by a large upright book-like object, the woman’s pose and arm position differ, and the shelf and objects around it appear changed. The original horizontal book is not clearly identifiable in the same position.","Major scene elements and their appearance or arrangement have changed beyond what is necessary to depict grabbing the book: the mug is no longer visible as such, a prominent book-like object appears in the foreground, and the shelf contents and layout differ. The scene is not preserved as required."
J02,cond2,3,completed,absent,"The source shows a woman in a blue sweatshirt seated beside a dark monitor, with a white Starbucks mug in the foreground and a book lying horizontally on the shelf beneath the monitor. The room and window are visible behind her.","The edited image retains the woman, blue sweatshirt, mug, monitor, and general room setting, but the framing and appearance are substantially altered. A large upright book or book-like object now fills the left foreground, the woman’s pose and arm position differ, and the shelf area and background details are changed or obscured.","The condition concerns preservation of all other scene elements apart from changes needed for the grabbing action. The edited image has major changes in framing and visible object arrangement, including a prominent upright book replacing the source’s unobstructed foreground and substantial differences around the shelf and room. These are not merely minor localized changes, so the scene is not preserved."
J02,cond2,4,completed,absent,"The source shows a woman in a blue hoodie seated beside a dark monitor, with a large Starbucks mug in the foreground and a book lying horizontally on the shelf beneath the monitor. Other visible elements include the bright window and wall behind her.","The edited image retains the woman in a blue hoodie, the monitor, the foreground mug, and the window and wall, but the framing and appearance are substantially altered. A large upright book or book-like object now fills the left foreground, and the shelf area and the woman's arm are changed; the original horizontal book is no longer clearly visible in the same position.","Major scene elements and their appearance or placement have changed beyond what is needed to depict grabbing the book: the composition is reframed, a prominent upright object appears in the foreground, and the shelf/book arrangement and the woman's pose differ substantially. The scene is not preserved as required."
J02,cond2,5,completed,absent,"The source shows a woman in a blue sweatshirt seated beside a dark monitor, with a large Starbucks mug in the foreground and a book lying horizontally on the shelf beneath the monitor. Her hand is extended toward the shelf, but the book remains on it.","The edited image retains the woman, blue sweatshirt, monitor, and foreground mug, but the scene is substantially altered: the mug is distorted and shifted, a large upright book or book-like object appears at the left edge, and the woman’s body and arm are distorted. The book on the shelf is not clearly shown being grabbed.","Major scene elements and their appearance have changed beyond what is needed to depict grabbing the book, including conspicuous distortions and an added or repositioned book-like object. The requested action is not clearly depicted, and the scene is not otherwise preserved."
J03,cond1,1,completed,unknown,"A front-loading laundry machine is visible, and its round door is swung open toward the left, leaving the drum opening exposed.","The edited image shows blue machines or cabinets, but the source laundry machine and its round door are not identifiable; the door's state cannot be assessed.","The target door from the source is not visible or identifiable in the edited image, so it is not possible to determine whether it was closed."
J03,cond1,2,completed,unknown,"A front-loading laundry machine is visible, and its round door is swung open toward the left, leaving the drum opening exposed.","The edited image shows blue machines or cabinets, but the source laundry machine and its round door are not identifiable; the door's state cannot be assessed.","The target door from the source is not visible or identifiable in the edited image, so it is not possible to determine whether it was closed."
J03,cond1,3,completed,unknown,"A front-loading laundry machine is visible behind a person. Its round door appears open, with the circular opening and inner drum visible.","The edited image shows blue cabinets or machines, but the source laundry machine and its door are not identifiable.","The specific laundry machine door selected in the source is not visible in the edited image, so its position or whether it was closed cannot be determined."
J03,cond1,4,completed,unknown,"A front-loading laundry machine is visible behind the person. Its round door is swung open, with the circular opening and door projecting outward from the machine.","The edited image shows blue cabinets or machines, but the laundry machine and its round door from the source are not identifiable or visible.","The source target is the open round door of the front-loading laundry machine. In the edited image, that target is not visible, so its position and whether it was closed cannot be determined."
J03,cond1,5,completed,unknown,"The laundry machine is visible behind the person, and its round front-loading door appears open, with the circular door swung outward from the machine.",The laundry machine and its door are not visible in the edited image; the scene shows blue cabinets or appliances instead.,"The target door cannot be identified in the edited image, so its position and whether it was closed cannot be determined."
J03,cond2,1,completed,absent,"The source shows a person beside a front-loading laundry machine with its round door open. Wooden louvered doors are on the left, and a narrow window or glass panel is on the right.","The edited image shows blue machines or cabinets in the room, with wooden paneling at left and a glass panel at right. The person and the front-loading machine visible in the source are not shown, so the laundry door and the rest of the scene cannot be matched reliably.","The edited image substantially changes the visible scene: the person and front-loading laundry machine are replaced by blue units, and the room layout and visible contents differ. This goes beyond closing the laundry door and meets the criterion for absent."
J03,cond2,2,completed,absent,"The source shows a person beside a front-loading laundry machine with its round door open. Wooden louvered doors are on the left, and a narrow window or glass panel is on the right.","The edited image shows blue machines or cabinets in the room, with wooden paneling at left and a glass panel at right. The person and the front-loading machine visible in the source are not shown, so the laundry door and the rest of the scene cannot be matched reliably.","The edited image substantially changes the visible scene: the person and front-loading laundry machine are replaced by blue units, and the room layout and visible contents differ. This goes beyond closing the laundry door and meets the criterion for absent."
J03,cond2,3,completed,absent,"The source shows a person leaning beside an open, front-loading laundry machine. Wooden louvered doors and panels fill the left side, with a doorway and a narrow bright window or glass panel on the right.","The edited image shows a different-looking room view with three blue machines or cabinets. The wooden paneling and a narrow glass panel remain visible, but the person and the open laundry machine are not visible, and the scene layout differs substantially.","The condition requires the rest of the scene to remain preserved apart from the laundry machine door. Major scene elements and the layout have changed or are no longer present in the edited image, so this is more than a minor localized difference."
J03,cond2,4,completed,absent,"The source shows a person leaning in front of an open, front-loading laundry machine; wooden louvered doors are on the left, with a doorway and a light-colored panel on the right.",The edited image shows a different-looking room view with three tall blue machines or cabinets. The person and front-loading laundry machine are not visible; some wood paneling and a light-colored panel remain at the sides.,"The scene beyond the laundry machine door is substantially changed: the person and front-loading machine are gone, and three large blue units appear in their place. This is not preservation of the rest of the scene, so the condition is absent."
J03,cond2,5,completed,absent,"The source shows a person leaning toward a front-loading laundry machine; its round door is open. Wooden louvered cabinets are on the left, with a doorway or wall area and a window-like panel on the right.",The edited image shows a different-looking room view with three tall blue machines or cabinets. The person and the front-loading laundry machine from the source are not visible; the wooden cabinetry and right-side surroundings also differ substantially.,"The condition requires the scene outside the laundry machine door to remain preserved. Major scene elements and the overall view have changed or are no longer present, rather than showing only a door adjustment or minor localized artifacts."
J04,stand_up_upright,1,completed,complete,"The source shows one clearly visible person bent forward at the waist, leaning over a table with one arm extended downward. His body is not upright.","The edited image shows a person standing vertically with legs extended and torso mostly straight, though his hands are held together low in front of him rather than visibly being looked at. A second person is only partly visible at the left edge.",The source subject who was not upright is visibly standing upright in the edited image. The upright-posture criterion is met; the instruction to look at his hands is not part of this condition.
J04,stand_up_upright,2,completed,complete,"The source shows one clearly visible person bent forward at the waist, leaning over a table with one arm extended downward. His body is not upright.","The edited image shows a person standing vertically with legs extended and torso mostly straight, though his hands are held together low in front of him rather than visibly being looked at. A second person is only partly visible at the left edge.",The source subject who was not upright is visibly standing upright in the edited image. The upright-posture criterion is met; the instruction to look at his hands is not part of this condition.
J04,stand_up_upright,3,completed,complete,"The source shows one clearly visible man bent forward at the waist, with one arm reaching down toward a seated person; he is not standing fully upright.","The edited image shows a man standing with his torso mostly vertical and legs extended, though his posture is slightly turned. His hands are clasped low in front of him rather than visibly being looked at. Another person is partly visible at the left edge, seated.","The source man who was not upright is visibly standing upright in the edited image, with an essentially straight vertical body and extended legs. The requested posture change is complete; the hands-directed gaze is not part of this condition."
J04,stand_up_upright,4,completed,complete,"The source shows one clearly visible person bent forward at the waist, leaning over a table with one arm reaching down; the legs are not in a fully upright posture.","The edited image shows a person standing vertically with legs extended and torso mostly straight, though the body is slightly turned. The person’s hands are clasped low in front rather than visibly looking at them.","The source subject was not fully upright, and the edited subject is visibly standing with an upright body and extended legs, meeting the posture criterion. The hands-directed gaze in the instruction is not part of this condition."
J04,stand_up_upright,5,completed,unknown,"The source shows one clearly visible man bent forward at the waist, with his upper body leaning down and one arm reaching toward a table. His legs are not clearly extended in an upright standing posture.","The edited image shows a man standing with his torso mostly vertical and legs extended, though his arms are held down in front rather than visibly looking at his hands. Another person is partially visible at the left edge, seated or otherwise not standing upright.","The edited image appears to show a different man from the bent-over subject in the source, and the source's subject cannot be confidently matched to either edited person. Since the condition requires judging the same source subject, the images do not establish whether that subject became upright."
J04,looking_at_hands,1,completed,absent,"The source shows one clearly visible man bent forward beside a table, with one hand reaching down toward a patterned object. His head is angled down toward the table, but his gaze is not clearly fixed on his hand.","The edited image shows a standing man with his hands clasped low in front of him. His head and gaze are directed forward and slightly to the side, not toward his hands. A second person is only partly visible at the left edge, with no visible hands to assess.","The source target is the bent man, and the edited standing man appears to be his counterpart. In the edited image, his hands are visible but his head and gaze are directed away from them, so the required looking-at-his-own-hands condition is absent."
J04,looking_at_hands,2,completed,absent,"One person is visible, bent forward beside a table with his head angled down toward a patterned item. One hand is near or touching the item, but his gaze is not clearly directed at his own hand.","The standing person holds his hands together low in front of his body, while his head and eyes are directed outward rather than toward his hands. A second person is only partly visible at the left edge, with no clear view of their hands or gaze.","The source subject is the bent-over person; the edited image does not clearly establish that this is the same person, and the visible standing subject is looking away from his hands. The partly visible second person also does not provide evidence of looking at their own hands. The requested hand-directed gaze is not evident in the edited image."
J04,looking_at_hands,3,completed,absent,"One person is bent over a table, with his head angled down toward a patterned item. One hand is visible near the item, but the image does not clearly show him looking at his own hand.","The standing person faces generally forward and looks off to the side rather than at his clasped hands, which are held low in front of him. A second person is partly visible at the left edge, with no clear view of their hands or gaze.","The source subject is not clearly looking at his own hand, and in the edited image the standing subject's gaze is directed away from his hands. The requested hand-directed gaze is therefore not evident."
J04,looking_at_hands,4,completed,absent,"One man is bent over a table, with his head angled down toward a patterned item. One hand is visible near the item, but his gaze is not clearly directed at his own hand.","The standing man holds his hands together low in front of his body, while his head and eyes are directed outward rather than toward his hands. A second person is only partly visible at the left edge, with no visible hands to assess.","The edited image does not show the standing man looking at his hands, and the partially visible second person’s hands are not visible. The source man’s downward pose is a pre-existing feature and does not establish that he was looking at his own hand."
J04,looking_at_hands,5,completed,absent,"One person is visible, bent over a table with his head angled down toward a patterned item. One hand is near or on the item, while the other is not clearly visible; he does not appear to be looking at his hands.","The standing person holds his hands together low in front of his body, but his head and gaze are directed outward rather than toward them. A second person is partially visible at the left edge, with no visible hands and no clear gaze toward their hands.","The source target is the bent-over person. In the edited image, the corresponding person is standing, but his gaze is clearly directed away from his hands. The partially visible second person also does not provide evidence of looking at their own hands. The requested looking-at-hands condition is therefore absent."
J04,scene_preservation,1,completed,absent,"The source shows a dim room with a green wall, a dark doorway, and a man in a light striped shirt and plaid wrap leaning over a low white basket or table beside patterned fabric.","The edited image shows a brighter, tighter view of a man standing in blue clothing by a doorway, with part of another person visible at the left. The wall, doorway, and other scene details do not clearly match the source; the basket and patterned fabric are not visible.","The overall scene is substantially changed rather than preserved: the main subject's clothing and appearance differ, the framing and lighting are markedly different, and source objects such as the low basket/table and patterned fabric are missing. These differences go beyond the requested posture and gaze change."
J04,scene_preservation,2,completed,absent,"The source shows a dim indoor room with a green wall, a dark doorway, and a man in a light striped shirt and plaid wrap leaning over a low white basket or table beside a seated person in patterned clothing.","The edited image shows a brighter, tighter view of a man standing upright in blue clothing beside a dark doorway, with part of another person visible at the left edge. The source’s low white basket or table and much of the room are not visible, and the people’s clothing and appearance differ.","The overall scene is not preserved: the edited image has substantially different subject appearance and clothing, a tighter crop, and omits prominent source elements such as the white basket or table and much of the room. These are not merely changes to posture and gaze."
J04,scene_preservation,3,completed,absent,"The source shows a dim room with a green wall, a dark doorway, and a man in a light checked shirt and plaid wrap leaning over a low white basket or table; a patterned cloth and other items are nearby.","The edited image shows a brighter, tighter view of a man standing in blue clothing beside a dark doorway, with part of another person visible at the left edge. The source's green wall, low white basket or table, patterned cloth, and the man's checked shirt and plaid wrap are not visible.","The overall scene and unrelated objects are substantially changed or missing, and the framing and appearance of the subjects differ markedly. This is not merely a posture or gaze edit with the scene preserved."
J04,scene_preservation,4,completed,absent,"The source shows a dim indoor room with a green wall, a dark doorway, and a small table or basket at the left. A man in a light striped shirt and checked wrap bends over another person or fabric near the table.","The edited image shows a brighter, tighter view of a man standing in blue clothing beside a dark doorway, with part of another person visible at the left. The green wall and doorway remain, but the table or basket and the source man's clothing and nearby arrangement are not visible; the people and framing also differ substantially.","The overall scene is not preserved: the edited image has a substantially different view and subject appearance, and source elements such as the table or basket and the bent-over arrangement are missing. These differences go beyond the requested posture and gaze change."
J04,scene_preservation,5,completed,absent,"The source shows a dim room with a green wall, doorway, and a man in a light checked shirt and plaid wrap leaning over a low table or basket; another patterned fabric or figure is near the table.","The edited image shows a brighter, tighter view of a man standing upright in blue clothing by a doorway, with part of another person visible at the left. The source's low table or basket and the leaning man in checked clothing are not visible; the people and scene appearance differ substantially.","The overall scene is not preserved: the main subject's clothing and appearance differ, the table or basket and other source details are missing, and the framing and visible background have changed substantially. These are not merely posture and gaze edits."
J05,c1,1,completed,absent,"A small upright yellow cylinder is visible behind and to the left of the brown cube, near the left side of the scene.",No matching small upright cylinder is visible in the corresponding area; the edited scene instead shows a much larger brown cylindrical form lying on its side in the foreground.,"The source target is the tiny upright yellow cylinder. The edited image does not show a cylinder matching its small size, upright shape, and position, so the requested color change on that same object is not evident. The larger sideways brown cylinder is not a match for the original target."
J05,c1,2,completed,absent,A tiny upright yellow cylinder is visible behind and to the left of the brown cube.,"The corresponding area behind and to the left of the cube is empty; no tiny cylinder matching the source object is visible. A larger brown cylindrical-looking object appears in the foreground, but it does not match the tiny cylinder's size or position.","The source target is the small yellow cylinder at the left rear of the arrangement. It is not present at its original size and position in the edited image. The larger brown object in the foreground is not a matching counterpart, so the requested color change is not evidenced."
J05,c1,3,completed,absent,"A small upright yellow cylinder is visible in the back-left area, behind and to the left of the brown cube.","The corresponding back-left area is empty; no small cylinder matching the source object is visible. A large brown cylindrical-looking object appears in the foreground, but it does not match the source cylinder's size or position.","The tiny yellow cylinder identified in the source is not present at its original size and position in the edited image. The prominent brown object is substantially larger and elsewhere, so it is not the same target with a color change."
J05,c1,4,completed,absent,"A small, upright yellow cylinder is visible behind and to the left of the brown cube.",The corresponding small cylinder is not visible in its source position; the edited scene shows a much larger brown cylindrical object lying on its side in the foreground.,"The source target is the tiny upright yellow cylinder, not the larger foreground object. No object matching the target's tiny size and upright shape is visible in the edited image, so the requested color change cannot be identified on the original target."
J05,c1,5,completed,absent,"A small upright yellow cylinder is visible in the upper-left area, behind and to the left of the brown cube.",No matching small upright cylinder is visible in the corresponding area; the edited scene instead shows a large brown cylinder lying on its side in the foreground.,"The source target is the tiny upright yellow cylinder, not the larger foreground objects. In the edited image that small cylinder is not present, and the large sideways brown cylinder differs substantially in size, shape, and position, so it is not the same target with only a color change."
J05,c2,1,completed,absent,"The source shows a brown cube at the front left, a large yellow cube at the front right, two reflective spheres behind them, and a small yellow cylinder at the back left. A small yellow rounded object is also partly visible behind the large yellow cube.","The edited image shows the brown cube and two reflective spheres, but the large yellow cube and the small yellow cylinder are no longer visible. A brown cylindrical object with a bright yellow ring is prominent in the foreground; the scene layout and visible objects differ substantially from the source.","The requested target in the source is the tiny yellow cylinder at the back left, not the large yellow cube. The edited image does not show that cylinder in a way that establishes it has turned brown, and major scene elements and their arrangement have changed, including the disappearance of the large yellow cube. This fails the preservation criterion."
J05,c2,2,completed,absent,"The source shows a small upright yellow cylinder behind and to the left of the brown cube. Other visible objects include a large yellow cube, two dark reflective spheres, a small gold sphere, and a partly obscured blue object.","The edited image shows a brown cylindrical object lying on its side in the foreground, with a bright yellow ring at its near end. The brown cube and two reflective spheres remain visible, but the large yellow cube, small gold sphere, and partly obscured blue object are not visible.","The scene has major changes beyond the requested color change: the large yellow cube and other small objects are missing, and the tiny cylinder appears substantially changed in shape and orientation rather than simply turning brown. The other scene elements and relationships are not preserved."
J05,c2,3,completed,absent,"The source shows a small upright yellow cylinder behind and to the left of the brown cube. Other visible objects include a brown cube, a large yellow cube, two dark reflective spheres, and a small gold sphere.","The edited image shows a brown cylindrical object lying on its side in the foreground, with a bright yellow ring at its near end. The brown cube and two reflective spheres remain, but the large yellow cube and the small upright yellow cylinder are not visible; the arrangement is substantially different.","The requested target is the tiny upright yellow cylinder in the source, not the large yellow cube. The edited image does not show that same small cylinder clearly turned brown; instead, it shows a much larger sideways brown cylinder with a yellow ring, while other scene objects are missing or rearranged. This fails the criterion that all other scene elements and relationships be preserved apart from the target’s color change."
J05,c2,4,completed,absent,"The source shows a small upright yellow cylinder behind and to the left of the brown cube. Other visible objects include a large yellow cube, two dark reflective spheres, a small gold sphere, and a partly obscured blue object.","The edited image shows a brown cylindrical object lying on its side in the foreground, with a bright yellow ring at its near end. The small upright cylinder seen behind the cube in the source is not visible. The large yellow cube and the small gold sphere are also absent; the brown cube and two reflective spheres remain, with their arrangement changed.","The source target is the tiny upright yellow cylinder, but the edited image does not show that same small cylinder turned brown. Instead, a much larger sideways brown cylinder with a yellow ring appears, while other scene objects are missing and the remaining objects have shifted in relation to one another. These are major changes beyond the requested color change, so preservation of the other scene elements is absent."
J05,c2,5,completed,absent,"The source shows a small upright yellow cylinder behind and to the left of the brown cube. Other visible objects include a large yellow cube, two reflective spheres, a small gold sphere, and a partly obscured blue object.","The edited image shows a brown cylindrical object lying on its side in the foreground, with a bright yellow ring at its near end. The large yellow cube, small upright yellow cylinder, small gold sphere, and partly obscured blue object are no longer visible; the brown cube and two reflective spheres remain, with their arrangement also changed.","The scene is not preserved apart from the requested color change: multiple other objects are missing, and the remaining objects have changed positions or relationships. The edited brown cylinder does not clearly match the source's tiny upright yellow cylinder in shape or pose, so it does not establish the requested change."
J06,c1,1,completed,absent,"The source contains a prominent large purple sphere near the lower center-right, in front of a red cube and beside a yellow cube.","The corresponding prominent purple sphere remains in the lower center-right, in front of the red cube and beside the yellow cube. It appears about the same size as in the source, not visibly reduced.","The matching sphere is identifiable by its purple color, prominent position, and neighboring objects. Its size is not visibly smaller in the edited image; the other purple sphere farther back does not appear to be the target. Thus the requested reduction is absent."
J06,c1,2,completed,absent,"The source contains a prominent large purple sphere near the lower center-right, in front of a red cube and beside a yellow cube.","The corresponding prominent purple sphere remains in the lower center-right, in front of the red cube and beside the yellow cube. It appears about the same size as in the source, not visibly reduced.","The matching sphere is identifiable by its purple color, prominent position, and neighboring objects. Its size is not visibly smaller in the edited image; the other purple sphere farther back does not appear to be the target. Thus the requested reduction is absent."
J06,c1,3,completed,absent,"The source contains a large purple sphere in the foreground, slightly right of center, in front of a red cube and beside a yellow cube.",The corresponding foreground purple sphere remains in the same area and appears larger than it does in the source. A separate purple sphere is also visible in the upper-left area.,The target is the large foreground purple sphere identified by its source location and surrounding objects. It is not visibly reduced in the edited image; it appears larger. The additional upper-left sphere does not change the assessment of the source target.
J06,c1,4,completed,absent,"The source contains a large purple sphere in the foreground-right, beside a red cube and behind a yellow cube. A separate gray sphere is farther back.","The foreground-right purple sphere is still present in the corresponding position and appears larger, not smaller. A separate purple sphere is also visible farther back, where the source had a gray sphere.",The target is the large foreground-right purple sphere identified by its source color and location. Its size is not visibly reduced in the edited image; it appears larger. The additional purple sphere in the background does not change the assessment of the original target.
J06,c1,5,completed,absent,"The source contains a large purple sphere near the lower center-right, in front of a red cube and beside a yellow block. A separate gray sphere is farther back.","The corresponding large purple sphere remains near the lower center-right, but appears about the same size as in the source. The gray sphere farther back is now purple and smaller than the foreground purple sphere.","The target is the large foreground purple sphere identified by its source color and location. It is not visibly reduced in the edited image; the smaller purple sphere is a different object, corresponding to the gray sphere in the source. Thus the requested target-size change is absent."
J06,c2,1,completed,absent,"The source shows several geometric objects on a gray floor, including a large purple sphere near the front-right; the other objects and their arrangement are visible around it.","The edited image retains the same general set of objects and arrangement, but the gray sphere at the back-left is now purple. Other objects also show noticeable shifts in position and appearance, including the front purple sphere, cubes, and cylinders.","The criterion concerns preservation of all scene content other than the target purple sphere's size. Although the front purple sphere appears smaller, the back-left gray sphere has changed color to purple, and multiple other objects have shifted or changed appearance. These are alterations beyond the intended size change, so preservation is not satisfied."
J06,c2,2,completed,absent,"The source shows several geometric objects on a gray floor, including a large purple sphere near the front-right; the other objects and their arrangement are visible around it.","The edited image retains the same general set of objects and arrangement, but the gray sphere at the back-left is now purple. Other objects also show noticeable shifts in position and appearance, including the front purple sphere, cubes, and cylinders.","The criterion concerns preservation of all scene content other than the target purple sphere's size. Although the front purple sphere appears smaller, the back-left gray sphere has changed color to purple, and multiple other objects have shifted or changed appearance. These are alterations beyond the intended size change, so preservation is not satisfied."
J06,c2,3,completed,absent,"The source shows a gray floor and background with several colored geometric objects: a small red sphere, a gray sphere, a purple sphere near the front-right, cubes, and cylinders.","The edited image retains the same general arrangement and object types, but the gray sphere in the source appears purple in the edited image. The front-right purple sphere also appears larger rather than smaller, and some objects have shifted slightly in position or appearance.","The condition concerns preservation of all scene content other than the purple sphere's size. Although the overall scene remains recognizable, the gray sphere has changed color to purple, and there are additional visible differences in object placement and appearance beyond the requested size change. These are not limited to minor localized artifacts, so preservation fails."
J06,c2,4,completed,absent,"The source shows a gray sphere at the back, a large purple sphere near the front-right, and several other objects: colored cylinders, cubes, and a small red sphere, all on a gray floor.","The edited image still contains the same general arrangement of objects, but the back gray sphere appears purple, and the large front-right purple sphere appears larger rather than smaller. Other objects are present, with some slight shifts in position and appearance.","The criterion concerns preservation of all scene content other than the purple sphere's size. The back sphere's color has changed from gray to purple, an unintended alteration beyond the requested size change; the front-right purple sphere also does not appear smaller. These are more than minor localized artifacts, so the preservation requirement is not met."
J06,c2,5,completed,absent,"The scene contains several geometric objects on a gray floor: a large purple sphere near the front-right, a gray sphere behind it, a small red sphere, cubes, and cylinders.","The large purple sphere remains prominent near the front-right, and a purple sphere is also visible toward the back-left where the source had a gray sphere. The other objects remain generally recognizable, though their positions and appearance differ slightly.","The requested target is the large purple sphere in the source. It does not appear smaller in the edited image; it remains large and prominent. In addition, the gray sphere in the source appears purple in the edited image, indicating an unintended alteration to another scene element. Thus the scene is not preserved except for the intended size change."
J07,remove_green_shiny_block,1,completed,absent,"A large glossy green cube is clearly visible on the right side of the scene, with a dark top and bright reflective edges.",The same large glossy green cube remains clearly visible on the right side of the scene; its shape and reflective green surfaces are intact.,"The target green shiny block is still fully present and clearly visible in the edited image, with no sign of removal."
J07,remove_green_shiny_block,2,completed,absent,"A large glossy green cube is clearly visible on the right side of the scene, with a bright reflective edge.",The same glossy green cube remains clearly visible on the right side of the scene; it is still intact and reflective.,"The target green shiny block is present in the source and remains fully visible in the edited image, with no sign of removal."
J07,remove_green_shiny_block,3,completed,absent,"A large glossy green cube is visible on the right side of the source image, with a bright reflective top edge and dark green faces.",The same large glossy green cube remains clearly visible on the right side of the edited image; its shape and reflective green surfaces are intact.,"The target green shiny block is still fully present and clearly visible in the edited image, with no sign of removal."
J07,remove_green_shiny_block,4,completed,absent,"A large glossy green cube is clearly visible on the right side of the source image, separate from a matte green cube near the back.","The glossy green cube remains clearly visible on the right side of the edited image; it is still a green shiny block, with no sign of removal.","The target is the shiny green cube on the right, not the matte green cube behind it. The shiny cube is still fully present and clearly visible in the edited image, so the requested removal did not occur."
J07,remove_green_shiny_block,5,completed,absent,A large glossy green cube is clearly visible on the right side of the source image; this is the green shiny block targeted for removal.,"The glossy green cube remains clearly visible on the right side of the edited image, with no visible sign of removal.","The same green shiny block is still fully present and clearly visible in the edited image, meeting the criterion for absent."
J07,preserve_scene_except_target,1,completed,absent,"The source shows a scene of colored geometric objects on a gray floor. The green shiny block is the large reflective green cube on the right; other visible objects include a matte green cube near the back, a purple cylinder and sphere, a teal sphere, two yellow cubes, a dark metallic block, and a small brown block.","The large reflective green cube on the right is still present. The other objects remain recognizable in roughly the same arrangement, though several appear slightly shifted or changed in size or position compared with the source.","The requested green shiny block was not removed: the reflective green cube remains clearly visible on the right. The rest of the scene is largely preserved, but the target-removal requirement is unmet."
J07,preserve_scene_except_target,2,completed,absent,"The source shows a gray studio background and a group of colored geometric objects. The green shiny block is the large glossy dark-green cube on the right. Other visible objects include a matte green cube near the back, two yellow-green cubes, a black rectangular block, a purple sphere and cylinder, a teal sphere, a green sphere, and a small brown block.","The large glossy dark-green cube on the right is still present. The other objects remain recognizable, but several appear shifted or changed in size and position relative to the source; the background and shadows also differ slightly.","The requested green shiny block was not removed: the same large glossy dark-green cube remains on the right. Although the rest of the scene is broadly recognizable, the target removal itself is absent, so the preservation condition is not met."
J07,preserve_scene_except_target,3,completed,partial,"The source shows a gray studio scene with several colored geometric objects: a purple cylinder and sphere, dark metallic and bronze blocks, green cubes and spheres, teal sphere, and yellow-green cubes. The large shiny green block is at the right.","The large shiny green block at the right is absent. The other objects and gray background remain, but several appear shifted or resized relative to the source, including the large yellow-green cube, small yellow-green cube, green sphere, and surrounding objects; shadows and spacing also differ.","The target green shiny block has been removed, and most of the scene remains recognizable. However, the remaining objects are not all preserved exactly: there are noticeable changes in their positions and apparent sizes, so the preservation condition is only partially met."
J07,preserve_scene_except_target,4,completed,partial,"The source shows a gray studio scene with several colored geometric objects: a purple cylinder and sphere, a dark metallic block, a green matte cube, a teal sphere, a small brown block, a green sphere, two yellow-green blocks, and a large shiny green block on the right.","The edited image retains the same arrangement and appearance of the other objects, but the large shiny green block on the right is still present. The framing and object positions appear slightly shifted or resized compared with the source.","The scene is largely preserved, with no clear unintended object changes, but the requested green shiny block was not removed. The slight apparent shift in framing and positions is minor; the target removal itself is not achieved."
J07,preserve_scene_except_target,5,completed,partial,"The source shows a cluster of objects on a gray floor: a purple cylinder, purple sphere, dark metallic block, green matte cube, teal sphere, small brown block, green sphere, two yellow-green shiny blocks, and a large green shiny block on the right.","The large green shiny block on the right is still present. The other objects remain recognizable, though several appear slightly shifted or changed in size and position relative to the source.","The requested green shiny block was not removed. However, the criterion being evaluated is preservation of all other scene elements except that target: most other objects and the background remain recognizable, but there are minor shifts in object placement and framing. This is partial preservation rather than complete preservation; the scene is not substantially altered."
J08,c1,1,completed,absent,"The source shows several small objects on a gray surface. A tiny purple cylinder is behind the larger blue cylinder; the small yellow object is the short yellow cylinder near the lower left, in front of a dark cube.","The edited image is a different, blurry scene with overlaid text and colored objects. I cannot identify a small object corresponding in location, size, and shape to the source’s yellow cylinder; no clearly matching purple object is visible.","The target in the source is the short yellow cylinder near the lower left, not the pre-existing purple cylinder behind the blue one. The edited image does not show a recognizable counterpart to that yellow cylinder, so the requested color change is not evidenced."
J08,c1,2,completed,absent,"The source contains several small objects. The tiny yellow object is the short yellow cylinder near the lower-left area, in front of a dark cube.","The edited image is a substantially different, blurry scene with overlaid text. No clearly identifiable yellow cylinder corresponding in location, size, and shape to the source object is visible.","The source target is the small yellow cylinder. In the edited image, there is no recognizable counterpart at its source location and form, and the image does not show that object turned purple. The condition therefore meets the absent criterion."
J08,c1,3,completed,unknown,"The source contains several small objects. A tiny purple cylinder is visible behind the larger blue cylinder; the small yellow object is the short cylinder in the foreground, left of center.","The edited image is a blurry, altered view with text overlaid and objects rearranged or changed. I cannot confidently identify a counterpart to the foreground yellow cylinder by location, size, and shape, or determine its color.","The source target is the small yellow foreground cylinder, not the already-purple cylinder behind the blue one. In the edited image, the scene differs substantially and the target's corresponding object cannot be reliably matched, so the evidence does not establish whether that same yellow object turned purple."
J08,c1,4,completed,unknown,"The source shows several small objects on a gray surface, including a tiny purple cylinder near the upper center. The small yellow object is a short cylinder left of center, in front of a dark cube.","The edited image is a blurry, differently framed scene with text overlaid. The source yellow cylinder's location and form are not clearly identifiable; no corresponding small yellow or purple cylinder can be confidently matched there.","The source target is the short yellow cylinder left of center, not the pre-existing purple cylinder near the upper center. The edited image does not provide enough visual evidence to determine whether that target is present or what color it is, so the requested change cannot be judged."
J08,c1,5,completed,unknown,"The source shows several small objects on a gray surface. A tiny purple cylinder is behind the larger blue cylinder; the small yellow object is a short cylinder in front of the dark cube, left of the large teal sphere.","The edited image is a blurry, differently framed scene with overlaid text and several colored objects. I cannot confidently identify an object corresponding in location, size, and shape to the source's small yellow cylinder; no clearly matching yellow or purple cylinder is visible.","The source target is the small yellow cylinder, not the pre-existing purple cylinder. The edited image's changed framing, blur, and occlusion make it impossible to establish whether the target is present or what color it is, so the requested color change cannot be reliably assessed."
J08,c2,1,completed,absent,The source shows a gray floor with several colored cylinders and spheres; the tiny yellow object is a small yellow cylinder near the lower left. The other objects are arranged around a large teal sphere near the center.,"The edited image shows a different-looking scene with overlaid text, a pale floor, block-like objects, and a bright green irregular object near the center. The source’s other objects and their arrangement are not visibly preserved.","The scene beyond the target has been substantially altered: the original cylinders and spheres, including the large teal sphere and small red sphere, are missing or replaced, and the layout and background differ. This exceeds minor localized changes, so preservation of the rest of the scene is absent."
J08,c2,2,completed,absent,"The source shows a gray floor with several colored geometric objects, including a large teal sphere near the center, blue and purple cylinders, a small yellow cylinder near the left, and a small dark red sphere on the right.","The edited image is a substantially different, blurry scene with overlaid text and differently shaped or colored objects. The original arrangement and several source objects, including the teal sphere and small yellow cylinder, are not visibly preserved.","The criterion concerns preservation of the entire scene apart from the tiny yellow object's color. The edited image has major changes to the objects, background appearance, and layout, rather than only a localized color change. These differences exceed minor artifacts or shifts, so preservation is absent."
J08,c2,3,completed,absent,"The source shows a gray floor and several colored geometric objects: cylinders, a cube, and spheres. The tiny yellow object is the small yellow cylinder near the lower left; the other objects and the scene layout are clearly visible.","The edited image is a substantially different, blurry scene with large overlaid text. Several objects have different shapes or colors, the arrangement is changed, and the original teal and red spheres are not visibly preserved. The tiny yellow cylinder is not clearly identifiable as a purple counterpart.","The condition requires all scene elements other than the tiny yellow object to remain unchanged. The edited image substantially alters or replaces multiple objects and the layout, far beyond minor localized changes, so preservation is absent."
J08,c2,4,completed,absent,"The source shows a gray floor and several colored geometric objects, including a large teal sphere near the center, a blue cylinder at the back, and smaller cylinders and blocks. No tiny yellow object is clearly identifiable; the small yellow-green cylinder at the left is the closest possible match.","The edited image is a substantially different, blurry scene with large overlaid text and rearranged or altered geometric objects. The central object is bright green rather than a clearly preserved teal sphere, and the source's small yellow-green cylinder is not clearly identifiable.","The scene beyond any possible target color change is substantially altered: the layout and appearance of multiple objects differ, and prominent text is added. This exceeds minor localized changes, so preservation of the rest of the source scene is absent."
J08,c2,5,completed,absent,"The source shows a simple gray scene with several colored cylinders, a large teal sphere, and a small dark red sphere. The tiny yellow object is the short yellow cylinder near the lower left.","The edited image is a substantially different, blurry scene with overlaid text and differently shaped or colored objects. The original arrangement and several source objects, including the teal and red spheres, are not visibly preserved; the tiny yellow cylinder is not identifiable.","The criterion concerns preservation of the entire scene apart from the target color change. The edited image replaces or substantially alters major objects and the scene layout, and adds prominent text, so this is more than a minor localized difference."
J09,c1,1,completed,partial,"The source is a clear, realistic-looking photograph of a skier beneath a red START banner, with a snowy course, trees, and blue sky.","The edited image retains recognizable parts of the skier and snowy course, but large areas are distorted by oversized tan, feather-like forms. Some sky, snow, and trees have soft, blotchy color washes, while other details remain sharp or photographic; the scene is not consistently rendered as watercolor.","The edited image shows watercolor-like washes and bleeding in substantial portions, but the effect is uneven and the original photographic appearance remains in parts. The scene is also heavily distorted, though enough of it remains recognizable to assess the style."
J09,c1,2,completed,partial,"The source is a clear, realistic-looking photograph of a skier beneath a red START banner, with a snowy course, trees, and blue sky.","The edited image retains recognizable parts of the skier and snowy scene, but large distorted tan forms obscure much of the skier and banner. Some areas have soft, blurred color washes, while other details remain sharply photographic or distorted rather than consistently hand-painted.","There is visible wash-like coloration in portions of the edited image, but the watercolor effect is inconsistent and the image is substantially obscured and distorted. It does not show a clear, consistent watercolor treatment across the whole image."
J09,c1,3,completed,partial,"The source is a clear, realistic-looking photograph of a skier at a snowy start line, with a red START banner, trees, and blue sky.","The edited image retains recognizable parts of the skier and snowy scene, but large tan, feathered-looking forms obscure much of the skier and banner. Some areas have soft, mottled blue washes, while other areas remain sharply photographic or distorted.","There are visible wash-like color effects in portions of the image, but the watercolor treatment is inconsistent and does not create a clear, coherent hand-painted look across the whole image. Much of the scene is instead obscured or heavily distorted, so the full-image watercolor criterion is not met."
J09,c1,4,completed,partial,"The source is a clear, realistic-looking photograph of a skier beneath a red START banner on a snowy course, with trees and a blue sky.","The edited image retains the skier and snowy course, but large tan, feathered-looking forms obscure much of the skier and banner. Some areas show soft, mottled blue washes and blurred edges, while other details remain sharply photographic or distorted.","There are visible wash-like, softened color effects in parts of the image, but they are inconsistent and do not create a clear watercolor treatment across the whole image. Much of the scene remains photographic, and the extensive distortion and occlusion make the overall style uneven."
J09,c1,5,completed,partial,"The source is a clear, realistic photograph of a skier beneath a red START banner on a snowy course, with trees and blue sky in the background.","The edited image retains parts of the skier and snowy scene, but large distorted tan forms obscure much of the skier and banner. The sky, snow, and trees show some soft, blotchy color washes and bleeding, though much of the image remains sharply photographic or distorted rather than consistently hand-painted.","There are recognizable watercolor-like washes and bleeding in portions of the edited image, but the effect is inconsistent and the original photographic appearance remains prominent in other areas. The whole image does not exhibit a clear, consistent watercolor style."
J09,c2,1,completed,partial,"A skier stands in the foreground beneath a large white START banner with red lettering. The skier wears a brown hat, blue-and-white top, and brown pants, holding ski poles; snowy ground, a line of trees, and blue sky fill the background.","The snowy course, tree line, and sky remain visible in a watercolor-like rendering, and parts of the skier’s blue clothing, brown pants, and ski poles can still be matched. However, the skier’s upper body and head are heavily distorted into large tan forms, and the START banner and its lettering are no longer recognizable.","Distinctive parts of the source scene, including the snowy layout, trees, and portions of the skier’s clothing and pose, remain locally recognizable, but major subjects and scene details are substantially obscured or distorted. This meets the partial criterion rather than complete preservation."
J09,c2,2,completed,partial,"The source shows a skier in a blue-and-white bib and brown pants beneath a large red START banner, with a snowy course, evergreen trees, and a blue sky.","The edited image retains the snowy course, tree line, sky, and parts of the skier’s blue clothing and brown pants, but the skier’s upper body and the banner area are heavily distorted into large, indistinct forms. The scene has watercolor-like washes and blurred edges.","Some distinctive scene elements and clothing colors remain matchable, so the source scene is not entirely replaced. However, the main subject and banner are substantially distorted and the overall composition is less recognizable, meeting the partial criterion rather than complete."
J09,c2,3,completed,partial,"The source shows a skier in a blue-and-white bib and brown pants beneath a large white START banner, with a snowy course, evergreen trees, and blue sky.","The edited image retains the snowy course, tree line, sky, and parts of the skier’s blue clothing and brown pants, but the skier’s upper body and the banner are heavily distorted into large, indistinct forms.","Some distinctive scene elements and clothing colors remain matchable, so the source scene is not entirely replaced. However, the main subject and banner are substantially obscured and the overall composition is less recognizable than a preserved scene with only a watercolor style transformation."
J09,c2,4,completed,partial,"The source shows a skier in a brown hat, blue-and-white bib, and brown pants beneath a large red START banner, with a snowy course, evergreen trees, and blue sky behind him.","The edited image retains the snowy course, evergreen tree line, blue sky, and parts of the skier’s blue-and-white clothing and brown pants. However, the skier’s upper body and the banner area are heavily distorted into large, indistinct brown forms, obscuring the skier’s face and the START text.","Distinctive parts of the source scene remain matchable, including the skier’s clothing and pose, snow course, and tree line, so the scene has not been replaced. But the main subject and banner are substantially obscured and distorted, reducing overall recognizability; this meets the partial criterion rather than complete."
J09,c2,5,completed,partial,"A skier wearing a brown hat, blue-and-white top, and brown pants stands on a snowy course beneath a large white banner with red “START” lettering. A line of trees and blue sky fill the background.","The snowy course, tree line, and sky remain visible, and parts of the skier’s blue-and-white clothing and brown pants, along with the skier’s pose, can still be matched. However, large tan, brush-textured forms obscure much of the skier and banner, and the banner lettering is no longer recognizable.","The edited image retains distinctive local features and layout from the source, including the skier’s clothing and stance, snowy ground, and tree line. But the main subject and prominent banner are heavily obscured or distorted, so the overall scene is less recognizable rather than clearly preserved aside from a watercolor transformation."
J10,cartoon_style_applied,1,completed,partial,"The entire image is a realistic bedroom scene with natural-looking furniture, curtains, bedding, and lighting; there are no clear cartoon-style features.","The bedroom scene remains largely photorealistic, with realistic textures and lighting. A small picture on the wall has been changed to a colorful, cartoon-like drawing, but the rest of the image is not stylized.","There is visible cartoon styling in the small wall picture, but it is limited to that element while the rest of the image remains photorealistic. This is a recognizable but incomplete application of cartoon style."
J10,cartoon_style_applied,2,completed,partial,"The entire image is a realistic bedroom scene with natural-looking furniture, curtains, bedding, and lighting; there are no clear cartoon-style features.","The bedroom scene remains largely photorealistic, with realistic textures and lighting. A small picture on the wall has been changed to a colorful, cartoon-like drawing, but the rest of the image is not stylized.","There is visible cartoon styling in the small wall picture, but it is limited to that element while the rest of the image remains photorealistic. This is a recognizable but incomplete application of cartoon style."
J10,cartoon_style_applied,3,completed,partial,"The entire bedroom scene appears photographic, with realistic textures, lighting, furniture, curtains, and bedding.","The bedroom scene remains largely photographic, with realistic textures and lighting. The small picture on the wall has changed to a brightly colored, cartoon-like drawing, but the rest of the image is not visibly cartoon-stylized.","There is recognizable cartoon styling in the wall picture, but it is limited to that small area; the rest of the image remains photorealistic, so the cartoon style is incomplete and mixed with photographic elements."
J10,cartoon_style_applied,4,completed,partial,"The source is a photorealistic bedroom scene with patterned curtains, furniture, a bed, and a small framed picture on the wall. It has natural photographic textures and lighting, without visible cartoon styling.","The edited image remains largely photorealistic: the room, curtains, furniture, and bed retain realistic textures and appearance. The small wall picture has changed to a brightly colored, cartoon-like drawing with bold outlines.","Cartoon styling is visible in the wall picture, but it is localized. The rest of the image remains photorealistic, so the entire image has not been rendered in a cartoon style."
J10,cartoon_style_applied,5,completed,partial,"The entire image shows a realistic bedroom with curtains, furniture, a bed, and a small framed picture; it has photographic textures and lighting.","The bedroom remains largely photorealistic, with realistic textures and lighting. The small picture on the wall has changed to a colorful, cartoon-like drawing, but the rest of the scene is not visibly cartoon-stylized.","Cartoon styling is visible in the wall picture, but it is limited to that small area. The image as a whole remains predominantly photorealistic, so the requested style is only partially applied."
J10,source_scene_preserved,1,completed,complete,"The source shows a bedroom with patterned curtains and a window, a dark dresser, two folding luggage stands with bags, a small wall picture, a bed at right, and a coral-colored chair in the foreground.","The edited image retains the same bedroom layout and recognizable furnishings, including the curtains, dresser, luggage stands and bags, bed, and foreground chair. The wall picture has changed to a colorful cartoon-like drawing, but most of the scene still appears photographic rather than cartoon-rendered.","The main scene, background, and primary subjects from the source remain clearly present and recognizable in the edited image. The condition concerns preservation of the source scene, so the limited stylization and altered wall picture do not prevent a complete match."
J10,source_scene_preserved,2,completed,complete,"The source shows a bedroom with patterned curtains and a window, a dark dresser, two folding luggage stands with bags, a small wall picture, a bed, and a coral-colored chair in the foreground.","The edited image retains the same bedroom layout and recognizable furnishings, including the curtains, dresser, luggage stands and bags, bed, and foreground chair. The wall picture has changed to a colorful cartoon-like drawing, but most of the scene still appears photographic rather than cartoon-rendered.","The condition concerns preservation of the source scene, not whether every part was converted to cartoon style. The main scene, background, and primary subjects remain clearly recognizable in the edited image, so preservation is complete despite the localized picture change and limited stylization."
J10,source_scene_preserved,3,completed,complete,"The source shows a bedroom with patterned curtains and sheer window panels, a dark dresser at left, two folding luggage stands with bags, a small framed picture on the wall, a bed at right, and an orange upholstered chair in the foreground.","The edited image retains the same bedroom layout and recognizable furnishings: curtains and windows, dresser, luggage stands and bags, bed, and foreground chair. The wall picture has changed to a colorful cartoon-like drawing, but most of the scene still appears photographic rather than rendered in cartoon style.","The condition concerns preservation of the source scene, not whether the cartoon-style instruction was fully applied. The main scene, background, and primary subjects remain clearly present and recognizable, despite the altered wall picture and limited stylization."
J10,source_scene_preserved,4,completed,complete,"The source shows a bedroom with patterned curtains and sheer window panels, a dark dresser, two folding luggage stands with bags, a small wall picture, a bed at right, and an orange upholstered chair in the foreground.","The edited image retains the same bedroom layout and recognizable furnishings, including the curtains, dresser, luggage stands and bags, bed, and foreground chair. The wall picture has changed to a colorful cartoon-like drawing, while most of the scene remains photographic rather than cartoon-rendered.","The condition concerns preservation of the source scene, not whether every part was converted to cartoon style. The main scene, background, and primary subjects remain clearly recognizable in the edited image; the altered wall picture is a minor change and does not replace the scene."
J10,source_scene_preserved,5,completed,complete,"The source shows a bedroom with patterned curtains and a window, a dark dresser at left, two folding luggage stands with bags, a small framed picture on the wall, a bed at right, and an orange chair in the foreground.","The edited image retains the same bedroom layout and recognizable furnishings: curtains and window, dresser, luggage stands and bags, bed, and foreground chair. The wall picture has changed to a colorful cartoon-like drawing, while most of the scene still appears photographic rather than consistently cartoon-rendered.","The condition concerns preservation of the source scene, not whether every part was successfully converted to cartoon style. The main scene, background, and primary subjects remain clearly recognizable in the edited image, so the preservation criterion is met despite the limited stylization and altered wall picture."
J11,c1,1,completed,partial,"The source is a blurry black-and-white photograph of two seated men wearing hats and coats inside a train carriage. The windows show bright, indistinct scenery.","The two men and carriage remain largely photographic and monochrome. The windows now contain conspicuous stylized faces with angular, fragmented features and bold outlines, but the men and most of the scene are not transformed.","The inserted window faces provide recognizable Picasso-like cubist features, including geometric fragmentation and rearranged facial elements. However, the transformation is limited to parts of the background; the main subjects and most of the scene remain a photograph, so the requested whole-image transformation is incomplete."
J11,c1,2,completed,partial,A grainy black-and-white photograph shows two seated men wearing hats and coats inside a train carriage. The windows and carriage interior are visible behind them.,"The two men and train interior remain largely photographic and monochrome. The windows now contain prominent stylized faces with angular, fragmented features and bold outlines, resembling Cubist or Picasso-like artwork.","The inserted window faces provide recognizable Picasso-like geometric fragmentation, but the transformation is limited to those areas. The main subjects and most of the scene remain a standard-looking photograph, so the image does not show a complete style transformation."
J11,c1,3,completed,partial,The source is a black-and-white photograph of two seated people wearing hats and coats inside a train carriage. The people and carriage windows appear photographic and naturally proportioned.,"The two people and most of the carriage remain photographic and largely unchanged. The bright window areas now contain stylized, monochrome faces with angular shapes, fragmented features, and bold outlines; the people themselves do not show comparable cubist transformation.","The inserted angular, Picasso-like faces provide recognizable cubist styling, but it is limited to parts of the background windows. The main subjects and most of the scene remain a photograph, so the requested transformation is incomplete."
J11,c1,4,completed,partial,"The source is a black-and-white photograph of two seated men wearing hats and coats inside a vehicle, with bright windows behind them. Their faces and the surrounding scene appear photographic and naturally proportioned.","The two men and vehicle interior remain largely photographic and monochrome. The windows now contain prominent drawn portraits with angular, fragmented facial features and bold outlines reminiscent of Cubist art; the men themselves show little visible stylistic transformation.","The inserted window portraits provide recognizable Picasso-like Cubist features, but the main subjects and most of the scene remain a standard-looking photograph. The requested style is therefore present only in part of the image, rather than applied across the main subject and scene."
J11,c1,5,completed,partial,"The source is a blurry black-and-white photograph of two men wearing hats and coats inside a train carriage. The windows show bright, indistinct scenery; the people and carriage have natural photographic forms.","The two men and most of the carriage remain photographic and largely unchanged. The train windows now contain prominent stylized faces with angular shapes, fragmented features, and bold outlines reminiscent of Cubist art; the rest of the scene remains grayscale and photographic.","The inserted window faces provide recognizable Picasso-like Cubist features, but the transformation is limited to parts of the background. The main subjects and most of the scene remain a standard photograph, so the requested style is not applied throughout."
J11,c2,1,completed,complete,"The source shows two men wearing hats and coats seated inside a train or tram, with windows and the vehicle interior visible behind them.","The two seated men and the train interior remain recognizable. Picasso-style faces have been added in the windows, while the people and much of the original scene remain photographic rather than fully transformed.","The main subjects and overall setting from the source are clearly identifiable in the edited image. The added cubist artwork provides stylization, but the scene itself is preserved and recognizable, meeting the complete criterion."
J11,c2,2,completed,complete,"The source shows two men wearing hats and coats seated inside a train or tram, with windows and the vehicle interior visible behind them.","The two seated men and the train interior remain recognizable. Picasso-style faces have been added in the windows, while the people and much of the original scene remain photographic rather than fully transformed.","The main subjects and overall setting from the source are clearly identifiable in the edited image. The added cubist artwork provides stylization, but the scene itself is preserved and recognizable, meeting the complete criterion."
J11,c2,3,completed,complete,"The source shows two men wearing hats and coats seated inside a train or tram carriage, with windows and interior panels behind them.","The two seated men and the carriage interior remain recognizable. Picasso-style faces appear in the windows, replacing the bright exterior views; the men and much of the original interior are still visible.",The main subjects and overall train-carriage scene from the source are clearly recognizable in the edited image despite the stylized additions in the windows.
J11,c2,4,completed,complete,"The source shows two seated men wearing hats and coats inside a train or similar carriage, with windows and interior panels behind them.","The two men and the carriage interior remain recognizable in roughly the same positions. Picasso-like drawn faces appear in the windows, while the people and much of the surrounding scene retain a photographic appearance.",The main subjects and overall background from the source are clearly recognizable in the edited image. The added stylized faces and limited changes do not replace or obscure the scene enough to make it difficult to identify.
J11,c2,5,completed,complete,"The source shows two seated men wearing hats and coats inside a train or similar carriage, with windows and dark interior panels behind them.","The two men, their clothing and poses, and the carriage interior remain recognizable. Picasso-style faces appear in the windows, replacing the previously bright exterior views.",The main subjects and overall carriage scene from the source are clearly preserved and recognizable in the edited image. The added stylized faces in the windows do not prevent identification of the original scene.
J12,style_cubism_applied,1,completed,absent,"The source is a naturalistic photograph of sheep grazing in a green field, with trees and hills in the background. The forms and perspective are realistic and continuous.","The edited image retains recognizable sheep and a field, but has a strongly stylized, poster-like appearance with saturated colors, softened or distorted details, and text across the top. The sheep and landscape are not clearly rendered as fragmented geometric forms or from multiple viewpoints.","The edited image shows a change in color and presentation, but there is no clear evidence of Cubist geometric abstraction, fragmented forms, or multiple perspectives. It appears to use a different stylized treatment rather than Cubism."
J12,style_cubism_applied,2,completed,absent,"The source is a naturalistic photograph of several sheep grazing in a grassy field, with distant trees and hills. The forms and perspective are realistic.","The edited image retains the sheep and field but has a strongly stylized, poster-like appearance, with saturated colors, soft painterly texture, and a text banner. The sheep and landscape remain mostly recognizable and rounded; there is little clear geometric fragmentation or multiple-viewpoint treatment.","The edited image shows a change in appearance, but the visible treatment is not clearly Cubist: the scene is not substantially broken into geometric facets or fragmented forms, and no multiple perspectives are evident. The requested Cubist style is therefore absent under the stated criteria."
J12,style_cubism_applied,3,completed,absent,"The source is a naturalistic photograph of sheep grazing in a green pasture, with trees and hills in the background. Forms and perspective appear realistic and continuous.","The edited image retains the sheep and pasture but has a bright, blurred, poster-like appearance and distorted text across the top. The sheep and landscape remain mostly recognizable, with no clear fragmented geometric forms or multiple viewpoints.","The edited image shows color and rendering changes, but not visible Cubist characteristics. The recognizable scene remains largely naturalistic rather than geometrically abstracted or fragmented, so the requested style change is not evident."
J12,style_cubism_applied,4,completed,partial,"The source is a naturalistic photograph of several sheep grazing in a green pasture, with trees and hills in the background. The forms and perspective are realistic and continuous.","The edited image retains the sheep and pasture but has a strongly altered, poster-like appearance, with saturated colors, soft distortion, and some simplified or irregular shapes. The sheep remain mostly recognizable and are not clearly fragmented into geometric planes or shown from multiple viewpoints.","The edited image shows some abstraction and irregular simplification, but it does not clearly apply Cubist characteristics across the scene. The sheep and landscape remain largely recognizable, without convincing geometric fragmentation or multiple perspectives, so the evidence supports partial rather than complete."
J12,style_cubism_applied,5,completed,partial,"The source is a naturalistic photograph of several sheep grazing in a green pasture, with trees and hills in the background. The forms and perspective are realistic.","The edited image retains the sheep and pasture but has a poster-like, heavily stylized appearance, with bright color shifts and some simplified, angular or fragmented shapes. The sheep and landscape remain mostly recognizable, and there is no clear use of multiple viewpoints.","The edited image shows some geometric simplification and fragmented forms, but the overall result is not clearly or consistently Cubist; it reads more as a colorized, poster-like treatment than a full Cubist transformation."
J12,source_scene_preserved,1,completed,partial,"The source shows a green pasture with several sheep, including two prominent sheep in the foreground, with a line of trees and rolling hills in the background.","The edited image retains the pasture and recognizable sheep, including the two foreground sheep and a sheep farther back. The scene is heavily stylized and distorted, with bright colors and a large text overlay; the tree line and hills are largely obscured or lost.","The main subject and much of the pasture layout remain recognizable, so the scene has not been replaced. However, notable background elements are obscured or missing and the text overlay alters the scene, making preservation incomplete."
J12,source_scene_preserved,2,transport_error,,,,
J12,source_scene_preserved,3,completed,partial,"The source shows several sheep grazing in a broad green pasture, with two prominent sheep in the foreground and a line of trees and rolling hills in the background.","The edited image retains the pasture and recognizable sheep, including the two foreground sheep and another grazing sheep farther back. The scene is heavily stylized with bright, simplified colors and distorted forms; the tree line and hills are largely obscured or lost, and text has been added across the top.","The main subject and much of the pasture layout remain recognizable, so this is not a full scene replacement. However, important background elements are obscured or missing and the composition is altered by added text, making preservation incomplete despite the Cubist-like stylization."
J12,source_scene_preserved,4,completed,partial,"The source shows several sheep grazing in a broad green pasture, with two prominent sheep in the foreground and a line of trees and rolling hills in the background.","The edited image retains the pasture and recognizable sheep, including the two foreground sheep and another grazing sheep farther back. The scene is heavily stylized with bright, simplified colors and distorted, painterly forms; the tree line and hills are largely obscured, and text has been added across the top.","The main subject and much of the pasture layout remain recognizable, so this is not a full scene replacement. However, important background elements are lost or obscured and the scene is substantially distorted, making preservation incomplete."
J12,source_scene_preserved,5,completed,partial,"The source shows several sheep grazing in a broad green pasture, with two prominent sheep in the foreground, smaller sheep farther back, and a tree line and rolling hills in the background.","The edited image retains the pasture and recognizable sheep, including the two foreground sheep and a sheep farther back, but the scene is heavily stylized and distorted. The tree line and hills are largely obscured or lost, and large text has been added across the top.","The main subject and much of the pasture layout remain recognizable, so this is not a full scene replacement. However, important background elements are lost or obscured and the added text and distortions alter the scene beyond a style-only change; the scene is therefore only partially preserved."
J13,cond1,1,completed,complete,"The egg is on the counter near the upper center, between the two hands. The right hand is the hand entering from the right side and is reaching toward the egg; it is not visibly holding it.","The same right hand, entering from the right, is visibly holding the egg in its palm with fingers curled around it, lifting it above the counter.","The egg is clearly grasped and lifted by the right hand identified by its position in SOURCE, satisfying the complete criterion."
J13,cond1,2,completed,complete,"The egg is on the counter near the upper center, between the two hands. The right hand is the hand entering from the right side and is reaching toward the egg; it is not visibly holding it.","The same right hand, entering from the right, is visibly holding the egg in its palm with fingers curled around it, lifting it above the counter.","The egg is clearly grasped and lifted by the right hand identified by its position in SOURCE, satisfying the complete criterion."
J13,cond1,3,completed,complete,"The egg is on the counter near the upper center, between the two hands. The right hand is on the right side of the image and is not visibly holding the egg.","The right hand on the right side is visibly cupping and holding the egg, with the egg lifted above the counter.","The same egg is clearly grasped and held off the surface by the right hand, matching its location in SOURCE."
J13,cond1,4,completed,complete,"The egg is on the counter near the upper center, between the two hands. The right hand is the hand entering from the right side and is reaching toward the egg; it is not visibly holding it.","The same right hand, entering from the right, is visibly holding the egg in its palm with fingers curled around it, lifting it above the counter.","The egg is clearly grasped and lifted by the right hand identified by its position in SOURCE, satisfying the complete criterion."
J13,cond1,5,completed,complete,"The egg is on the counter near the upper center, between the two hands. The right hand is the hand entering from the right side and is reaching toward the egg; it is not visibly holding it.","The same right hand, entering from the right, is visibly holding the egg in its palm with fingers curled around it, lifting it above the counter.","The egg is clearly grasped and lifted by the right hand identified by its position in SOURCE, satisfying the complete criterion."
J13,cond2,1,completed,partial,"The source shows a kitchen counter with papers and small items at the upper left, a dark countertop, a pan at the upper right, and the person’s arms and torso. A small egg rests on the counter near the person’s hands.","The edited image retains the same kitchen setting, counter items, pan, and person. The egg is now held in the right hand; the left hand remains over the counter. The framing and body position differ slightly, but the overall scene is preserved.","Most of the source scene remains recognizable and in place, with no major unrelated additions or removals. There are minor differences in framing and positioning, so preservation is not exact; under the stated criteria this is partial."
J13,cond2,2,completed,partial,"The source shows a kitchen counter with papers and small items at the upper left, a dark countertop, a pan at the upper right, and the person’s arms and torso. A small egg rests on the counter near the person’s hands.","The edited image retains the same kitchen setting, counter items, pan, and person. The egg is now held in the right hand; the left hand remains over the counter. The framing and body position differ slightly, but the overall scene is preserved.","Most of the source scene remains recognizable and in place, with no major unrelated additions or removals. There are minor differences in framing and positioning, so preservation is not exact; under the stated criteria this is partial."
J13,cond2,3,completed,partial,"The source shows a kitchen counter with papers and small items at the upper left, a dark countertop, a pan at the upper right, and the person’s arms and torso. The right hand reaches toward the counter; a small egg is visible near the upper middle-right.","The edited image retains the same kitchen setting, countertop items, pan, and person. The right hand is holding a large pink egg, while the left hand remains near the counter. The framing and some visible positions differ slightly.","Most of the scene and its overall layout are preserved, but there are minor differences in framing or object positioning beyond the egg and right hand. This meets the criterion for partial preservation rather than complete preservation."
J13,cond2,4,completed,partial,"The source shows a countertop with papers and small items at the upper left, a dark work surface, a red/orange item near the center, an egg on the counter near the upper center-right, and a pan at the far right. The person's right hand reaches toward the egg; the left hand is over the central item.","The edited image retains the same kitchen scene and most visible objects, but the egg is now held in the person's right hand. The framing and some object positions appear slightly shifted, and small colored marks are visible at the bottom corners.","Most of the source scene is preserved, with no major unrelated additions or removals, but there are minor differences such as slight shifts in framing or object placement and small corner artifacts. Under the stated criteria, this is partial preservation rather than complete."
J13,cond2,5,completed,complete,"The source shows a kitchen counter with papers and containers at the upper left, a dark countertop, a pan at the upper right, and the person’s arms and torso. A small egg rests on the counter near the person’s hands; the right hand is extended toward it.","The edited image retains the same kitchen setting, countertop items, pan, and person. The egg is now held in the right hand. Some details and framing differ slightly, but no major unrelated scene changes are apparent.","The condition concerns preservation of the rest of the source scene, excluding the egg and right hand. The visible background, other objects, and overall layout remain substantially the same; minor viewpoint or framing differences do not amount to unrelated scene changes."
J14,cond1,1,completed,partial,"A dark frying pan is visible near the top center, between the person’s hands, close to the floor-level cooking area.","The same pan is visible between the hands, with its reflective interior exposed; it appears raised slightly compared with its position in the source, but remains close to the cooking area.","The pan appears somewhat elevated in the edited image, but the change is modest and it is not clearly held well above its previous resting position. This supports a partial lift rather than a clear, substantial lift."
J14,cond1,2,completed,absent,"A dark frying pan is visible between the person's hands near the top center, at the level of the surrounding cookware.","The same pan remains between the hands in roughly the same position; two bright reflective areas are visible on it, but it is not clearly raised above its prior location or a resting surface.","The pan is still visible, but the images do not show a noticeable upward displacement or clear evidence that it is being held above its previous position. The reflective appearance is not evidence of a lift."
J14,cond1,3,completed,absent,"A dark frying pan is visible near the top center between the person's hands, close to the floor; its interior is difficult to distinguish in the source image.","The same pan remains near the top center between the hands. Its bright interior is visible, but the pan does not appear noticeably higher than its position in the source.","The pan is identifiable in both images, but the edited image shows no clear upward displacement or evidence that it is held above its previous position. The brighter appearance reflects visibility of the pan's interior, not a demonstrated lift."
J14,cond1,4,completed,absent,"A dark frying pan is visible near the top center, between the person's hands, close to the floor-level cooking area.","The same dark frying pan remains near the top center between the hands. Two bright reflective areas are visible on it, but the pan itself does not appear noticeably higher than in the source.","The same pan is identifiable, but its position appears essentially unchanged; the reflective highlights do not provide clear evidence that it was lifted."
J14,cond1,5,completed,absent,"A dark frying pan is visible near the top center between the person's hands, close to the floor; its interior is difficult to distinguish in the source image.","The same pan remains near the top center between the hands. Its bright interior is visible, but the pan does not appear noticeably higher than its position in the source.","The pan is identifiable in both images, but the edited image shows no clear upward displacement or evidence that it is held above its previous position. The changed visibility of its interior does not establish that it was lifted."
J14,cond2,1,completed,complete,"The source shows a person standing over a mottled stone floor, with both hands holding the frying pan near the top center. The person's arms, legs, footwear, floor, and a wooden cabinet edge are visible.","The same person, floor, footwear, and cabinet edge remain visible in the edited image. The pan is raised, and two bright reflective areas are visible near the hands; the surrounding scene appears otherwise unchanged.","The non-pan scene content visible in the source—including the floor pattern, person, footwear, and cabinet edge—is preserved in the edited image. No clear unrelated replacement, omission, or localized artifact is apparent."
J14,cond2,2,completed,complete,"The source shows a person standing over a mottled stone floor, with both hands holding the frying pan near the top center. The person's arms, legs, footwear, floor, and a wooden cabinet edge are visible.","The same person, floor, footwear, and cabinet edge remain visible in the edited image. The pan is raised, and two bright reflective areas are visible near the hands; the surrounding scene appears otherwise unchanged.","The non-pan scene content visible in the source—including the floor pattern, person, footwear, and cabinet edge—is preserved in the edited image. No clear unrelated replacement, omission, or localized artifact is apparent."
J14,cond2,3,completed,complete,"The source shows a person standing over a mottled stone floor, with both hands holding a dark frying pan near the top center. The person's arms, legs, shoes, floor pattern, and a wooden cabinet edge at upper right are visible.","The edited image retains the same person, pose, clothing, shoes, stone floor, and cabinet edge. The pan is raised, with two bright reflective areas visible near the hands; the surrounding scene appears otherwise unchanged.","The source scene outside the pan and its immediate contact area is preserved in the edited image. No unrelated objects or major background elements appear replaced, missing, or altered."
J14,cond2,4,completed,complete,"The source shows a person standing over a mottled stone floor, with both hands near a dark frying pan or cookware at the top center. The person's arms, legs, shoes, floor pattern, and a wooden cabinet edge at the upper right are visible.","The edited image shows the same person, pose, floor, and cabinet edge. The cookware at the top center is more visible, with two bright reflective circular surfaces, while the surrounding scene appears otherwise preserved.","The non-pan scene elements visible in the source—including the floor, person, and cabinet edge—remain substantially unchanged in the edited image. The visible differences are localized to the cookware and its immediate area, consistent with the pan being lifted; no unrelated scene changes are apparent."
J14,cond2,5,completed,complete,"The source shows a person standing over a mottled stone floor, with both hands near a dark frying pan or cookware at the top center. The person's arms, legs, shoes, floor pattern, and a wooden cabinet edge at the upper right are visible.","The edited image shows the same person, pose, floor, and cabinet edge. The cookware at the top center is more visible, with two bright reflective circular surfaces, while the surrounding scene appears otherwise preserved.","The non-pan scene elements visible in the source—including the floor, person, and cabinet edge—remain substantially unchanged in the edited image. The visible differences are localized to the cookware and its immediate area, consistent with the pan being lifted; no unrelated scene changes are apparent."
J15,cond1,1,completed,partial,"A small paper towel or tissue is visible near the upper-right edge of the cutting board, beside the person's hands and the food.","A large pale sheet, likely the same paper towel, is spread across the cutting board between the hands; it is not visibly falling or lower in a clear falling trajectory.","The paper towel appears to have changed from a small item near the board's edge to a larger, more central position on the board, suggesting some movement. However, it is resting or being held over the board, with no clear motion blur, downward trajectory, or intermediate falling state, so the requested fall is not clearly shown."
J15,cond1,2,completed,partial,"A paper towel is visible near the upper-right edge of the cutting board, beside the person's hands and the food being prepared.","A paper towel is visible on the cutting board, spread across the center and extending toward the upper-right; it is being held or handled near the person's hands.","The paper towel appears lower and more spread across the board than in the source, but it is not clearly shown falling: there is no visible motion blur or distinct falling trajectory, and it may simply be resting on or held over the board."
J15,cond1,3,completed,absent,"A small paper towel or tissue is visible near the upper-right edge of the cutting board, beside the person's hands and the food.","A large pale paper towel is visible across the cutting board, held or positioned between the person's hands; it is not visibly falling or lower than the source towel.","The source towel is already on the board near the hands. In the edited image, the towel appears spread across the board, but there are no clear cues of downward motion or a lower position relative to the source. The requested falling change is not shown."
J15,cond1,4,completed,partial,"A paper towel is visible near the top-right edge of the cutting board, beside the person's hands and the food.","A paper towel is visible on the cutting board, spread across the center and extending toward the person's hands; it is not shown in motion or falling.","The paper towel appears lower and more spread across the board than its position in the source, but it is resting on the board with no clear motion cue or intermediate falling position. This supports only a slight or ambiguous downward movement, not a clearly depicted fall."
J15,cond1,5,completed,absent,"A paper towel is visible near the top-right edge of the cutting board, lying flat beside the food and the person's hands.","A paper towel is visible on the cutting board, lifted or folded into a raised shape between the person's hands; it is not clearly shown moving downward or in a lower position.","The paper towel is identifiable in both images, but the edited image does not show it falling down compared with the source. It appears raised or folded rather than lower, and there are no clear downward-motion cues."
J15,cond2,1,completed,partial,"The source shows a kitchen counter with a pan and utensils on the left, food packaging and bottles along the back, a cutting board, and a person holding a potato while using a knife. No paper towel is clearly visible.","The edited image retains the kitchen counter, pan and utensils, packaging and bottles, and the person’s hands and torso. A large white paper towel or sheet now lies over the cutting board, partly covering the potato and the area near the knife; it is not visibly falling downward.","Most of the scene is preserved, but the paper towel appears placed across the cutting board rather than shown falling. The source does not clearly show a paper towel, so the requested motion cannot be confirmed; the visible towel is a localized change, while the rest of the scene remains broadly consistent."
J15,cond2,2,completed,unknown,"The source shows a kitchen counter with a pan and utensils on the left, food packaging and bottles along the back, a cutting board, and the person’s hands holding a potato and knife. No paper towel is clearly visible.","The edited image retains the kitchen setting, pan, packaging, bottles, person, and counter, though the cutting-board area and hand positions differ. A large white paper-towel-like sheet is visible over the board, but it is not clearly shown falling.","The target paper towel cannot be confidently identified in the source, so its counterpart and the extent of changes attributable to its fall cannot be established. The broader scene appears mostly similar, but the images do not settle whether the sheet in the edited image is the same target or whether the board-area differences are caused by the requested action."
J15,cond2,3,completed,unknown,"The source shows a kitchen counter with a pan and utensils on the left, packages and bottles along the back, a cutting board at center, and a person holding a peeled potato and knife over the board. No paper towel is clearly visible.","The edited image retains the counter, pan, packages, bottles, person, and general overhead view, though their positions and framing shift slightly. A large pale green-and-white sheet or towel lies across the cutting board beneath the person's hands; the potato and knife are still present.","The scene is largely recognizable, but the target paper towel cannot be identified with confidence in the source, so its counterpart and whether it has fallen cannot be established. The visible sheet in the edited image alone does not settle whether it is the same paper towel or a newly introduced object."
J15,cond2,4,completed,partial,"The source shows a kitchen counter with a pan and utensils on the left, food packages and bottles along the back, a cutting board, and a person holding a potato and knife. No paper towel is clearly visible.","The edited image retains the kitchen setting, pan, packages, bottles, person, and potato. A large white paper towel or sheet is now spread over the cutting-board area beneath the hands; the knife is still held above it.","Most of the scene is preserved, but there are noticeable localized differences unrelated to the paper towel’s fall: the cutting board and food-preparation arrangement have changed, and the paper towel appears laid across the board rather than visibly falling. The images do not show a clear falling motion, so the requested action cannot be confirmed; the preservation criterion is only partially met."
J15,cond2,5,completed,partial,"The source shows a kitchen counter with a pan and utensils on the left, food packaging and bottles along the back, a cutting board, and a person holding a peeled potato while using a knife. No paper towel is clearly visible.","The edited image retains the kitchen setting, pan, packaging, bottles, person, and counter, though the cutting-board area and the person's hand activity differ: a large pale sheet or towel-like item lies across the board. The potato and knife are still present.","Most of the scene is preserved, but there are noticeable localized differences around the cutting board and hands. The source does not clearly show a paper towel, so it is uncertain whether the pale sheet in the edited image is the same target falling; the visible localized changes support partial rather than complete preservation."
J17,cond_1,1,completed,unknown,"A small silver metal alarm clock lies near the lower-left area of the scene, below and left of the toy squirrel.","A round clock is visible at the upper-left edge of the edited image, but the scene and toy figures differ substantially from the source, so it is unclear whether this is the same vintage metal alarm clock.","The source clock is identifiable, but the edited image has a different composition and a clock with a different visible appearance. The images do not establish that the edited clock is the same target, so its movement cannot be reliably judged."
J17,cond_1,2,completed,unknown,"A small silver metal alarm clock lies near the lower-left area of the scene, below and to the left of the toy squirrel.","A round clock is visible at the upper-left edge of the edited image, but the scene and toy arrangement differ substantially from the source, making it unclear whether this is the same vintage metal alarm clock.","The source clock is identifiable, but the edited image does not provide enough visual continuity to establish that the upper-left clock is the same object or determine its movement from the source position."
J17,cond_1,3,completed,unknown,"The source shows a small silver metal alarm clock near the lower-left area, below and left of the toy squirrel.","The edited image shows a round clock at the upper-left edge, but it differs in appearance from the small silver clock in the source; the source clock is not clearly identifiable in the edited image.","The source clock is identifiable, but the edited image appears to show a different, larger clock with a distinct face. Because the same target cannot be confidently matched across the images, its movement cannot be determined."
J17,cond_1,4,completed,unknown,"A small silver metal alarm clock lies near the lower-left area of the scene, below and left of the toy squirrel.","The edited image shows a large round clock at the upper-left, but it does not clearly match the small silver alarm clock from the source; the source clock is not identifiable in the edited scene.","The source clock is identifiable, but the edited image appears to show a different clock and a substantially different scene. It is not possible to determine whether the same vintage metal alarm clock was shifted or is simply absent."
J17,cond_1,5,completed,unknown,"The SOURCE shows a small silver metal alarm clock near the lower-left area, below and left of the toy squirrel.","The EDITED image shows a round clock at the upper-left edge, but it differs in appearance from the small silver clock in the SOURCE; the original clock cannot be confidently identified in the edited scene.","The source clock is identifiable, but the edited image appears to show a different clock in a substantially different scene. Because the same target clock cannot be matched with confidence, its movement cannot be determined."
J17,cond_2,1,completed,unknown,"The SOURCE shows a small silver metal alarm clock near the lower left, below and far from the toy squirrel in the upper-left area.","The EDITED image shows a round clock at the upper left and plush squirrel-like toys on the right. The clock is well above and far to the left of the toys; it is not clearly identifiable as the same vintage metal alarm clock, and the squirrel identity is also uncertain.","The source target is the small metal clock and toy squirrel, but the edited image changes their appearance substantially: the clock is a large wall-style round clock, and the right-side plush figures do not clearly match the source squirrel. Although the clock is visually higher than the plush figures, the target identities cannot be established confidently, so the required relationship for the same objects is unknown."
J17,cond_2,2,completed,absent,The SOURCE shows a small silver metal alarm clock near the lower-left area and a plush toy squirrel in the upper-left area. The clock is well below and separated from the squirrel.,"The EDITED image shows a round clock at the upper left and plush squirrel-like toys on the right. The clock is far to the left of the toys, not positioned above them.","The clock and toy squirrel are identifiable in the SOURCE, but in the EDITED image the clock is horizontally distant from the squirrel toys rather than clearly above the same target. The required spatial relationship is absent."
J17,cond_2,3,completed,absent,"The source shows a small silver metal alarm clock near the lower left, well below and separated from the toy squirrel at the upper left.","The edited image shows a clock at the upper left and toy squirrel figures on the right. The clock is far to the left of the squirrel figures, not positioned above either one.","The source clock and toy squirrel are identifiable, but in the edited image the clock is horizontally distant from the squirrel and does not have the required clear above relationship. The requested placement is absent."
J17,cond_2,4,completed,absent,The SOURCE shows a small gray metal alarm clock near the lower-left area and a plush toy squirrel in the upper-left area. The clock is well below and separated from the squirrel.,"The EDITED image shows a round clock at the upper left and plush squirrel-like toys on the right. The clock is far to the left of the toys, not positioned above either one.","The source target is the metal alarm clock and the toy squirrel. In the edited image, the clock is clearly left of and spatially separated from the squirrel-like toys, rather than above the squirrel. The required relationship is not established."
J17,cond_2,5,completed,absent,"The SOURCE shows a small silver metal clock near the lower-left area and a plush toy near the upper-left area. The toy appears squirrel-like, though the clock is small and its alarm-clock features are not clearly visible.","The EDITED image shows a round clock at the upper-left and plush squirrel-like toys on the right. The clock is well above and far to the left of the toys, with no clear vertical alignment or close spatial relationship to either one.","The edited clock is not positioned above and near the source toy squirrel; it is separated from the squirrel-like toys by a substantial horizontal distance. The edited image also makes it uncertain whether the clock and toy are the same specific objects as in SOURCE, but the visible relationship does not establish the required placement."
J17,cond_3,1,completed,absent,"The source shows a toy squirrel near the upper left, a purple miniature couch beside it, a small metal alarm clock lower left, and green toy train cars on a dark rocky surface.","The edited image shows a different scene: a wall with a large rectangular panel, a round clock at the upper left, and two plush squirrel-like figures. The source couch, train, rocky ground, and small metal alarm clock are not visible.","The scene and background have been substantially replaced rather than preserved with only the alarm clock repositioned. The source alarm clock cannot be matched confidently to the round wall clock in the edited image, and the other source content is missing."
J17,cond_3,2,completed,absent,"The source shows a toy squirrel near the upper left, a purple miniature seat beside it, a small metal alarm clock lower left, and green toy train pieces on a dark rocky surface.","The edited image shows a different scene: a dark interior wall with a large clock, a rectangular panel, and two plush squirrel-like toys. The source’s rocky surface, purple seat, and green train pieces are not visible.","The scene and multiple unrelated objects have been substantially replaced or removed, rather than preserving the source scene apart from moving the alarm clock."
J17,cond_3,3,completed,absent,"The source shows a toy squirrel, a purple miniature couch, a small metal alarm clock near the lower left, and a green toy train on a dark rocky surface, with branches or logs across the upper area.","The edited image shows a different scene: a dark textured wall, a large rectangular panel, a wall clock, and two plush squirrel-like toys. The source couch, train, rocky ground, and other scene details are not visible.","The source scene is substantially replaced rather than preserved with only the alarm clock repositioned. The overall background and multiple unrelated objects differ, so the preservation requirement is not met."
J17,cond_3,4,completed,absent,"The source shows a toy squirrel near the upper left, a small purple seat, a metal alarm clock near the lower left, and green toy trains on a dark rocky surface with branches.","The edited image shows a clock at the upper left and two squirrel-like toys on a dark, textured background, alongside a large rectangular panel. The source seat, trains, rocky surface, and branches are not visible.","The source scene is substantially replaced: most unrelated objects and the background are missing or changed, and the edited scene is not recognizable as the same arrangement. This exceeds any local adjustment needed to move the clock."
J17,cond_3,5,completed,absent,"The source shows a toy squirrel, a purple miniature couch, a small metal alarm clock near the lower left, and green toy train cars on a dark rocky surface with branches. The rest of the scene is visible around the clock.","The edited image shows a clock and two plush squirrel-like toys against a dark wall, with a large rectangular panel. The source’s purple couch, green train cars, rocky ground, and branches are not present.","The scene has been substantially replaced: most unrelated source objects and the background are missing or changed, rather than preserved with only the clock’s position adjusted."
J18,add_2_white_square_saucers,1,completed,partial,"The source shows one white, shallow square dish or saucer on the ground, alongside a small rectangular object.","The edited image shows two white, angular dish-like forms against a dark background. Their outlines look irregular or folded rather than clearly square saucers.","The source already contains one white square dish, so it does not count as newly added. In the edited image, at least one of the two white forms could plausibly be a saucer, but neither is clearly identifiable as a new white square saucer. The evidence supports at most a partial addition, not exactly two clearly qualifying new saucers."
J18,add_2_white_square_saucers,2,completed,partial,"The source shows one white, shallow square dish or saucer on the ground, alongside a small rectangular object.","The edited image shows two white, angular dish-like forms against a dark background. Their outlines look irregular or triangular rather than clearly square, and it is unclear whether they are saucers.","The source already contains one white square dish, so it does not count as newly added. The edited image appears to contain two white dish-like forms, but their shape and identity as square saucers are ambiguous; the evidence supports at most a partial addition, not two clearly identifiable new white square saucers."
J18,add_2_white_square_saucers,3,completed,partial,"The source shows one white, shallow square dish or saucer on the ground, alongside a small rectangular object.","The edited image shows three white angular, dish-like shapes against a dark background; they appear as outlined, irregular quadrilaterals rather than clearly identifiable square saucers.","The source already contains one white square dish, so it does not count as newly added. In the edited image, at least one shape could plausibly be a saucer, but the shapes are not clearly identifiable as two new white square saucers. The evidence supports at most a partial addition, not completion."
J18,add_2_white_square_saucers,4,completed,partial,"The source shows one white, shallow square dish or saucer on the floor, with a small rectangular object beside it.","The edited image shows two white, angular dish-like forms against a dark background. They have pointed, irregular outlines and are not clearly identifiable as square saucers.","The source contains one similar white dish, so it is pre-existing and does not count as newly added. The edited image has two plausible white saucer-like forms, but their shape and identity are ambiguous rather than clearly square saucers. This supports partial, not complete."
J18,add_2_white_square_saucers,5,completed,absent,"The source shows one white, shallow square dish or saucer on the ground, alongside a small rectangular object. It does not show two white square saucers.","The edited image shows three bright, angular white shapes with dark outlines against a dark background. They look like flat geometric pieces; none is clearly identifiable as a saucer.","The source contains no pair of newly added white square saucers, and the edited shapes are not clearly identifiable as saucers. The requested two new saucers are therefore not visibly present."
J18,preserve_source_scene,1,completed,absent,The source shows a mottled brown floor with a white square dish near the center-right and a small rectangular object beside it.,"The edited image shows two angular white shapes on a dark, nearly uniform background; the brown floor and the small rectangular object are not visible.","The source scene is substantially replaced: its floor and unrelated rectangular object are gone, rather than preserved with only two saucers added."
J18,preserve_source_scene,2,completed,absent,The source shows a mottled brown floor with a white square dish near the center and a small rectangular object beside it.,"The edited image shows two white angular, dish-like shapes against a dark, nearly uniform background; the brown floor and small rectangular object are not visible.","The source scene is substantially replaced: its floor and unrelated rectangular object are gone, rather than preserved with only two saucers added."
J18,preserve_source_scene,3,completed,absent,The source shows a mottled brown floor with a white square dish near the center and a small rectangular gray object to its right.,"The edited image shows two white angular dish-like shapes against a dark, nearly uniform background; the original floor and gray rectangular object are not visible.","The source scene is substantially replaced: its mottled floor and unrelated gray object are missing, and the background is now dark and uniform. This exceeds the permitted addition of two saucers."
J18,preserve_source_scene,4,completed,absent,The source shows a mottled brown floor with a white square dish near the center and a small rectangular object to its right.,"The edited image shows two angular white shapes on a dark, nearly uniform background; the brown floor and the small rectangular object are no longer visible.","The source scene is substantially replaced: its floor and unrelated rectangular object are missing, rather than preserved with only two saucers added."
J18,preserve_source_scene,5,completed,absent,The source shows a mottled brown floor with one white square dish near the center and a small rectangular object beside it.,"The edited image shows two white angular dish-like shapes against a dark, nearly uniform background; the brown floor and the small rectangular object are not visible.","The source scene is substantially replaced: its floor and unrelated rectangular object are gone, rather than preserved with only two saucers added."
J19,remove_2_sharks,1,completed,absent,Several pale shark-like figures are clustered above and beside the small character near the center; their overlapping bodies make the exact count difficult to distinguish.,"The cluster remains, with multiple pale shark-like forms still visible. A prominent upper shark has a darker, sharper outline than in the source, but there is no clear evidence that two sharks have disappeared without traces.","The same central cluster is present in both images, and the edited image does not show two identifiable sharks fully removed. The visible change to the upper figure is not evidence of removal; the other shark-like forms remain."
J19,remove_2_sharks,2,completed,absent,Several pale shark-like figures are clustered above and beside the small character near the center; their overlapping bodies make the exact count difficult to distinguish.,"The cluster remains, with multiple pale shark-like forms still visible. A prominent upper shark has a darker, sharper outline than in the source, but there is no clear evidence that two sharks have disappeared without traces.","The same central cluster is present in both images, and the edited image does not show two identifiable sharks fully removed. The visible change to the upper figure is not evidence of removal; the other shark-like forms remain."
J19,remove_2_sharks,3,completed,absent,"Several pale shark-shaped figures are visible in the central gap around Mario, including a prominent upper figure and overlapping figures below it.","Shark-shaped figures remain in the central gap. The upper figure is still visible, and the overlapping lower figures also remain; their shapes and positions are somewhat altered.","The source contains multiple visible sharks, and the edited image still shows the same central shark figures rather than two sharks being fully removed. No pair of source sharks is clearly absent without traces, so the required removal is not evidenced."
J19,remove_2_sharks,4,completed,partial,"Several pale shark-shaped figures are visible in the center near Mario, including a broad figure above him and other overlapping figures to the right and below.","Shark-shaped figures remain in the center: a prominent dark-edged figure above Mario and pale figures overlapping beside and to the right of him. The central area has changed, but the visible sharks are not all gone.","The source contains multiple visible sharks, and the edited image still shows shark figures in the same cluster. The images do not clearly establish that exactly two source sharks have been fully removed; visible sharks remain, so the required removal is at most partial."
J19,remove_2_sharks,5,completed,absent,Several pale shark-like figures are clustered above and beside the red-capped character near the center; their overlapping forms make the exact count difficult to distinguish.,"The cluster remains in the same area. A prominent upper shark-like figure is still visible, along with other pale shark-like forms below and to the right; the figures appear altered in shape or position, but none is clearly absent without a trace.","The source contains visible sharks, and the edited image still shows the shark cluster rather than exactly two source sharks removed with no visible remains. The overlap makes individual identities and count uncertain, but there is no clear evidence that even one shark has been fully removed."
J19,scene_preservation,1,completed,partial,"The source shows a gray stone-like background split by a dark vertical gap, with a small Mario figure, two pale shark-like figures near the gap, and a pink shoe at lower right.","The same stone background, gap, Mario figure, and pink shoe remain. The shark-like figures are still present, and the upper one appears darker and more sharply defined; the surrounding scene is otherwise largely preserved.","Most non-shark scene elements and the general background are preserved, but there is a localized alteration around the sharks, including a changed appearance of the upper figure. This is not a substantial scene replacement, so preservation is partial rather than absent; the requested shark removal does not appear to have occurred."
J19,scene_preservation,2,completed,partial,"The source shows a gray stone-like surface split by a dark central gap, with a small Mario figure, two pale shark-like figures near the gap, and a pink shoe on the right.","The stone surface, central gap, Mario figure, and pink shoe remain in roughly the same positions, but the shark-like figures are still visible near the gap; their appearance is somewhat altered, including a prominent dark-edged shape above Mario.","Most non-shark scene elements and the general background are preserved, with no substantial scene replacement. However, the edited image contains localized changes around the sharks and does not cleanly show their removal, so preservation apart from the requested removal is only partial."
J19,scene_preservation,3,completed,partial,"The source shows a gray textured surface split by a narrow dark central gap, with a small Mario figure, two pale shark-like figures near the gap, and a pink shoe on the right.","The gray surface, central gap, Mario figure, and pink shoe remain in roughly the same arrangement. The pale shark-like figures are still visible near the gap, and the upper one appears altered into a darker, sharply edged shape; the surrounding scene also has localized changes around the gap and figures.","The overall scene remains recognizable and most non-shark elements are preserved, but there are localized alterations to the background/central area and figures. The sharks have not simply been removed, so the scene-preservation criterion is only partially met."
J19,scene_preservation,4,completed,partial,"The source shows a gray stone-like background divided by a dark vertical gap, with a small Mario figure near the center-left, two pale shark-like figures above and to the right of him, and a pink shoe on the right.","The edited image retains the same stone background and vertical gap, Mario figure, and pink shoe in roughly the same positions. The shark-like figures remain near Mario, and their appearance is altered; a dark-edged shark shape is visible above him.","Most of the original scene and unrelated objects are preserved, but the two sharks have not been cleanly removed and there are localized changes around them. This is not complete preservation under the criterion, while the scene remains recognizably the same rather than being substantially replaced."
J19,scene_preservation,5,completed,partial,"The source shows a gray stone-like surface split by a dark vertical gap, with a small Mario figure, two pale shark-like figures near the gap, and a pink shoe on the right.","The same stone surface, gap, Mario figure, and pink shoe remain, but the shark-like figures are still visible near the gap; their appearance is somewhat altered, and a dark-edged pale shape is visible above them.","The overall scene and unrelated objects are largely preserved, with only localized visual changes around the sharks. However, the sharks have not both been removed, so the requested removal is not achieved; for this scene-preservation condition, the localized alteration supports partial rather than complete."
J20,cond1-object-addition,1,transport_error,,,,
J20,cond1-object-addition,2,completed,absent,"The source shows a striped surface with a bowl, a colorful pencil case, a small book or card, several small objects, and a white scoop. No object identifiable as CARSII is visible.","The edited image shows the same arrangement, with a strong purple color shift. No distinct object identifiable as CARSII appears.",The criterion requires a clearly visible CARSII object that was not present in the source. The edited image contains no recognizable CARSII object; the color-shifted existing items do not establish that one was added.
J20,cond1-object-addition,3,completed,absent,"The source shows a patterned pencil case, small colorful objects, a scoop, a bowl, and a rectangular item; no clearly identifiable CARSII object is visible.",The edited image shows the same arrangement with strong purple color changes. No distinct object identifiable as CARSII is visible.,"The criterion requires a CARSII object to be present in the edited image. The visible objects do not clearly match CARSII, so the requested addition is not evidenced."
J20,cond1-object-addition,4,completed,absent,"The source shows a green-and-purple patterned pencil case near the center, with small colored objects, a bowl, a scoop, and a rectangular item nearby. No clearly identifiable CARSII object is visible.","The edited image shows the same arrangement, with strong purple color changes. No distinct object identifiable as CARSII is visible to the right of the pencil case or elsewhere.","The criterion requires a CARSII object to be present in the edited image. The visible objects do not clearly match CARSII, so the requested addition is not evidenced."
J20,cond1-object-addition,5,completed,absent,"The source shows a patterned green-and-purple pencil case near the center, with small colored objects nearby, a bowl above it, and a dustpan below-left. No object identifiable as CARSII is visible.","The edited image shows the same arrangement, with a strong purple color shift. No distinct object identifiable as CARSII appears to have been added.","The criterion requires a newly visible CARSII object in the edited image. The visible items correspond to objects already present in the source, and none can be identified as CARSII."
J20,cond2-spatial-relation,1,completed,absent,"The green-purple pencil case is near the center of the image. The small CARSII object appears to be the green item just below and to the left of the case, so it is not to the case’s right.","The same green CARSII item remains just below and to the left of the green-purple pencil case. The case and item are both visible, and the item is not positioned to the right.","The target objects can be identified in both images, and the CARSII is left of the pencil case rather than to its right. The requested spatial relation is not present."
J20,cond2-spatial-relation,2,completed,absent,"The green-purple pencil case is near the center of the image. The small CARSII object appears to be the green item just below and to the left of the case, so it is not to the case’s right.","The same green CARSII item remains just below and to the left of the green-purple pencil case. The case and item are both visible, and the item is not positioned to the right.","The target objects can be identified in both images, and the CARSII is left of the pencil case rather than to its right. The requested spatial relation is not present."
J20,cond2-spatial-relation,3,transport_error,,,,
J20,cond2-spatial-relation,4,completed,unknown,"The green-purple pencil case is near the center of the image. A small green object is to its left, and a rectangular book or card is to its right; no object is clearly identifiable as the CARSII.","The green-purple pencil case remains near the center. The small green object is still to its left, and the rectangular book or card is to its right. No visible object can be confidently identified as the CARSII.","The spatial relation cannot be evaluated because the CARSII is not identifiable among the visible objects. The object to the right appears to be a book or card, but its identity as the CARSII is uncertain."
J20,cond2-spatial-relation,5,completed,absent,"The green-purple pencil case is near the center of the image, with the small CARSII object to its left.","The green-purple pencil case remains near the center, and the small CARSII object is still to its left; it is not visibly positioned to the case’s right.","The target objects are identifiable, and their left-right relationship is clear in the edited image. The CARSII is left of, rather than right of, the green-purple pencil case."
J20,cond3-target-identification,1,completed,absent,"A small pencil case with a turquoise body and purple edging/pattern is visible near the center of the image, beside a book. It is identifiable as the green-purple pencil case referenced in the instruction.","The same turquoise-and-purple pencil case is visible near the center, with the small CARSII toy positioned to its left rather than on its right.","The green-purple pencil case is clearly identifiable in both images, but the CARSII is not placed to its right in the edited image; it remains to the left. Thus the specified reference object is identified, but the required placement relative to it is absent."
J20,cond3-target-identification,2,completed,absent,"A small pencil case with a turquoise body and purple edging/pattern is visible near the center of the image, beside a book. It is identifiable as the green-purple pencil case referenced in the instruction.","The same turquoise-and-purple pencil case is visible near the center, with the small CARSII toy positioned to its left rather than on its right.","The green-purple pencil case is clearly identifiable in both images, but the CARSII is not placed to its right in the edited image; it remains to the left. Thus the specified reference object is identified, but the required placement relative to it is absent."
J20,cond3-target-identification,3,transport_error,,,,
J20,cond3-target-identification,4,completed,complete,"A small pencil case with a turquoise body and purple edging/pattern is visible near the center of the image, beside a book or card. It is identifiable as the green-purple pencil case.","The same turquoise-and-purple pencil case is visible near the center, with the small CARSII toy positioned to its left rather than its right.","The green-purple pencil case is clearly identifiable in both images, and the edited arrangement uses it as the placement reference: the CARSII is adjacent to the case, though on its left. The condition evaluates correct identification and use of the reference object, not whether the requested right-side placement was achieved."
J20,cond3-target-identification,5,completed,absent,"A turquoise pencil case with purple circular patterns is clearly visible near the center, beside a small booklet.",The same turquoise-and-purple pencil case remains clearly visible near the center. The CARSII is not clearly distinguishable as a separate object to its right; the visible small toy cars are to its left.,"The green-purple pencil case is identifiable in both images, but the edited image does not show the CARSII placed to its right. The visible toy cars remain on the left, so the required reference placement is not evident."
J20,cond4-scene-preservation,1,completed,partial,"The SOURCE shows a gray ribbed deck with a tan bowl near the upper center, a colorful green-purple pencil case near the middle, a small book or card to its right, three small colored objects to the left, and a white dustpan and brush at lower left.","The EDITED image retains the same deck, object arrangement, and recognizable objects, but the bowl, book or card, dustpan and brush, and much of the scene have been recolored vivid purple. No distinct CARSII object is clearly identifiable to the right of the pencil case.","The overall scene layout and unrelated objects remain recognizable, but substantial color changes to multiple existing objects and the scene are beyond the requested addition and placement. This is more than a minor artifact, yet the scene has not been replaced or removed, so preservation is partial."
J20,cond4-scene-preservation,2,completed,partial,"The SOURCE shows a gray ribbed deck with a tan bowl near the upper center, a colorful green-purple pencil case near the middle, a small book or card to its right, three small colored objects to the left, and a white dustpan and brush at lower left.","The EDITED image retains the same deck, object arrangement, and recognizable objects, but the bowl, book or card, dustpan and brush, and much of the scene have a strong purple color shift. The pencil case and small objects remain in place; no distinct CARSII addition is apparent.","The overall scene and unrelated objects remain recognizable and in their original layout, but the pronounced purple recoloring is a substantial visual artifact beyond the requested addition and placement. This is more than an unchanged scene, yet the scene is not replaced or removed, so it meets the partial criterion."
J20,cond4-scene-preservation,3,completed,partial,"The source shows a wooden deck with a tan bowl near the top, a patterned pencil case and a book near the center, small colorful objects beside them, and a white dustpan and brush at lower left.","The same objects remain in roughly the same positions, but the bowl, book, dustpan, and much of the scene have been recolored vivid purple; the pencil case and small objects are also visibly altered in color or appearance.","The main scene and its objects are still recognizable and largely in place, but substantial color changes to unrelated objects and the overall scene mean it is not fully preserved. The requested placement does not justify these unrelated alterations."
J20,cond4-scene-preservation,4,completed,partial,"The source shows a gray grooved deck with a tan bowl near the top, a patterned green-purple pencil case and a book near the center-right, three small colored objects, and a white dustpan and brush at lower left.","The same objects remain in approximately the same positions, but the bowl, book, dustpan and brush, and deck have conspicuous purple/magenta color shifts. The pencil case and small objects are also still present; no clearly separate CARSII addition is evident.","The overall scene and its unrelated objects remain recognizable and mostly in place, but substantial color changes affect multiple parts of the scene beyond the requested addition and placement. This is more than an unchanged scene, yet not a replacement or removal of the main scene."
J20,cond4-scene-preservation,5,completed,partial,"The SOURCE shows a gray ribbed deck with a tan bowl near the top, a colorful green-purple pencil case near the center, a small book or card beside it, three small colored objects, and a white dustpan and brush at lower left.","The EDITED image retains the same deck, bowl, pencil case, book or card, small objects, and dustpan and brush in approximately the same positions. The scene has a strong purple color shift affecting the deck and objects; no clearly identifiable CARSII addition is visible to the right of the pencil case.","The main scene and unrelated objects remain recognizable and largely in place, but the pronounced color alteration is an unrelated change beyond the requested addition and placement. This is a minor-to-moderate scene-preservation failure rather than wholesale replacement or removal."
J21,cond1,1,completed,complete,The source shows a dog leaning toward a stuffed toy in grass; no dragonfly is visible.,"The edited image shows a large dark insect-like figure with several prominent wings and a narrow body against the grass. It is not on the dog's ear, and the dog is no longer visible.","The edited image contains a new, clearly visible object with recognizable wings and body that resembles a dragonfly, while no such object appears in the source. The criterion requires visible presence, not placement on the dog's ear."
J21,cond1,2,completed,complete,The source shows a dog leaning toward a stuffed toy in grass; no dragonfly is visible.,"The edited image shows a large dark insect-like figure with several prominent wings and a narrow body in the grass, but it is not positioned on the dog's ear; the dog is not visible in this crop.","A new, clearly visible insect-like object has recognizable wings and a body, consistent with the condition's criterion for a dragonfly. The source contains no such object. Although the requested placement on the dog's ear is not shown, the stated condition evaluates whether a dragonfly is visibly present."
J21,cond1,3,completed,complete,The source shows a black-and-tan dog with its head lowered toward a stuffed toy; no dragonfly is visible.,"A large dark insect-like figure with several prominent wings and a narrow body is visible in the grass, but it is not on the dog's ear. The dog is not visible in the edited image.","The edited image contains a new, clearly recognizable dragonfly-like insect with visible wings and body, and no such object appears in the source. The condition requires visible presence, not placement on the dog's ear, so the dragonfly criterion is complete despite the requested location not being shown."
J21,cond1,4,completed,complete,The source shows a black-and-tan dog standing in grass and facing a stuffed toy; no dragonfly is visible.,"The edited image shows a large dark insect-like figure with several prominent wings and a narrow body in the grass, but the dog and its ear are not visible.","The source contains no visible dragonfly, while the edited image contains a new, clearly recognizable winged insect with a body. The condition requires a visible dragonfly in the edited image and does not require confirming its placement on the dog's ear."
J21,cond1,5,completed,partial,The source shows a black-and-tan dog leaning toward a stuffed toy in grass. No dragonfly is visible.,"The edited image shows a large dark insect-like figure with several prominent wing-like shapes in the grass, but it is not clearly identifiable as a dragonfly. The dog and its ear are not visible in this crop.","A new insect-like object with visible wing-like features appears in the edited image, while no such object is present in the source. Its shape is ambiguous and does not clearly establish a dragonfly, matching the partial criterion."
J21,cond2,1,completed,unknown,"The dog is in the grass facing the stuffed toy; its visible floppy ear is beside the side of its head, with no dragonfly on it.","A large dark dragonfly is visible over the grass, but the dog and its ear are not visible in the edited image.","The edited image does not show the dog's ear region, so the dragonfly's position relative to the source dog's ear cannot be determined."
J21,cond2,2,completed,absent,"The source shows a black-and-tan dog facing a stuffed toy; the dog's visible floppy ear is beside its head, with no dragonfly on it.","The edited image shows a large dark dragonfly-like insect over the grass, but the dog and its ear are not visible.","The dragonfly is not on or near the dog's ear in the edited image; it appears elsewhere in the scene, and the dog's ear is not visible there."
J21,cond2,3,transport_error,,,,
J21,cond2,4,completed,absent,"The source shows a black-and-tan dog facing a stuffed toy; the dog's visible floppy ear is beside its head, and no dragonfly is visible on it.","The edited image shows a large dark dragonfly-like insect over the grass, with a hand at the upper right. The dog and its ear are not visible.","The dragonfly-like figure is not on or near the dog's ear; the dog and its ear are absent from the edited image, and the insect appears elsewhere in the scene."
J21,cond2,5,completed,absent,"The source shows a black-and-tan dog facing a stuffed toy; the dog's visible floppy ear is beside its head, with no dragonfly on it.","The edited image shows grass and a large dark dragonfly-like insect, but the dog and its ear are not visible.","The source dog's ear cannot be matched to a visible region in the edited image, and the dragonfly-like insect is not shown on or near that ear. The requested placement is therefore absent rather than complete or partial."
J21,cond3,1,completed,absent,"The source shows a black-and-tan dog leaning toward a gray stuffed toy in tall grass, with greenery filling the background.","The edited image shows grass and a large dragonfly-like figure in the foreground, plus part of a hand at the upper right. The dog and stuffed toy visible in the source are not present.","The dog and most of the original scene have been replaced or removed, rather than preserved apart from the dragonfly addition."
J21,cond3,2,completed,absent,"The source shows a black-and-tan dog leaning toward a gray stuffed toy in tall grass, with greenery filling the background.","The edited image shows grass and a large dragonfly-like figure in the foreground, plus part of a hand at the upper right. The dog and stuffed toy visible in the source are not present.","The dog and most of the original scene have been replaced or removed, rather than preserved apart from the dragonfly’s addition. This is a substantial scene change, meeting the absent criterion."
J21,cond3,3,completed,absent,"The source shows a black-and-tan dog leaning toward a gray stuffed toy in tall grass; the dog, toy, and grassy setting are visible.","The edited image shows grass and a large dark dragonfly-like figure, with part of a hand at the upper right. The dog and stuffed toy from the source are no longer visible, and the scene composition is substantially different.","The condition requires the rest of the scene and dog to remain visually consistent, allowing changes only around the dragonfly. The dog, toy, and much of the original composition are missing or replaced in the edited image, so this is a substantial unrelated scene change rather than preservation."
J21,cond3,4,completed,absent,"The source shows a black-and-tan dog leaning toward a gray stuffed toy in tall grass; the dog, toy, and grassy setting are visible.","The edited image shows a large dark dragonfly-like figure and a hand over grass. The dog and stuffed toy from the source are no longer visible, and the scene composition is substantially different.","The condition requires the source scene and dog to remain visually consistent outside the dragonfly’s immediate contact area. The dog and toy have been replaced by a substantially different view, so the scene is not preserved."
J21,cond3,5,completed,absent,The source shows a black-and-tan dog standing in tall grass and facing a gray stuffed toy in the foreground; the surrounding grass fills the background.,"The edited image shows grass and a large dark dragonfly-like figure, with a hand entering from the upper right. The dog and stuffed toy visible in the source are not present.","The dog and much of the original scene have been replaced or removed, rather than preserved apart from the dragonfly’s contact area."
J22,catcher_identification,1,transport_error,,,,
J22,catcher_identification,2,completed,complete,"The catcher is the crouching player at the lower left, behind home plate, wearing a dark helmet with a face mask and protective chest and leg gear. His face is partly obscured by the mask.","The same crouching, fully geared catcher at the lower left has his mouth open in a broad, laugh-like expression; his mask remains on.","The catcher is clearly identifiable in the source from his position and protective gear. In the edited image, that same catcher—not either batter—has a visibly open, smiling mouth consistent with laughing, so the requested change is complete."
J22,catcher_identification,3,completed,complete,"The catcher is the crouching player at the lower left, identifiable by his position behind home plate and his helmet, face mask, chest protector, shin guards, and mitt. His face is mostly covered by the mask.","The same crouching, geared player at the lower left remains identifiable as the catcher. His mouth is visibly open in a broad, laugh-like expression beneath the mask.","The catcher is clearly identifiable in the SOURCE image from his position and catching gear, satisfying the complete criterion. In the EDITED image, that same catcher appears to be laughing; the instruction does not change the identification judgment."
J22,catcher_identification,4,completed,complete,"The catcher is the crouching player at the lower left, behind home plate, wearing a helmet with a face mask and protective chest and leg gear. His face is partly obscured by the mask.","The same crouching, geared catcher at the lower left has a visibly open, smiling mouth beneath the face mask, appearing to laugh.","The catcher is clearly identifiable in the source from his position and catching gear, and that same person appears to be laughing in the edited image, satisfying the instruction."
J22,catcher_identification,5,completed,complete,"The catcher is the crouching player at the lower left, behind home plate, wearing a dark helmet with a face mask and protective chest and leg gear. His face is partly obscured by the mask.","The same crouching, fully geared catcher at the lower left has his mouth open in a broad, laugh-like expression; his mask remains on.","The catcher is clearly identifiable in the source from his position behind home plate and visible catching gear. In the edited image, that same catcher appears to be laughing, satisfying the instruction to make the catcher laugh."
J22,catcher_laughing,1,transport_error,,,,
J22,catcher_laughing,2,completed,complete,"The catcher is crouched at the lower left wearing a protective mask; the mask obscures much of his face, and no clear laughing expression is visible.","The same catcher remains crouched at the lower left. His visible mouth appears open in a broad, laughing expression beneath the mask.","The catcher—not either batter—shows a clear open-mouth expression consistent with laughter in the edited image, meeting the criterion for a visible laugh."
J22,catcher_laughing,3,completed,complete,The catcher is crouched at the lower left wearing a helmet and face mask; no clear laughing expression is visible.,"The same catcher remains crouched at the lower left. His visible mouth appears open in a broad, laughing expression beneath the mask.","The catcher’s edited expression is clearly and visibly laughing, meeting the criterion for complete."
J22,catcher_laughing,4,completed,complete,"The catcher is crouched at the lower left wearing a protective mask; the visible face area appears neutral or focused, with no clear sign of laughter.","The same catcher remains crouched at the lower left, and the visible mouth is open in a broad, smiling expression that reads as laughter.","The catcher—not the batters—is the target. In the edited image, the catcher has a clear open-mouthed, smiling expression, which is an unambiguous visible cue of laughter."
J22,catcher_laughing,5,completed,complete,"The catcher is crouched at the lower left wearing a protective mask; the mask obscures much of his face, and no clear laughing expression is visible.","The same catcher remains crouched at the lower left. His visible mouth appears open in a broad, smiling expression beneath the mask, consistent with laughter.","The catcher—not either batter—shows a clear open-mouth, smiling expression in the edited image, meeting the criterion for visible laughter."
J22,scene_preservation,1,completed,partial,"The source shows a baseball scene with a catcher crouched in the lower left, two batters, a blue padded wall, netting, and equipment behind them.","The edited image retains the same baseball scene, players, positions, and background, though the catcher and both batters appear to have changed expressions to laughing or open-mouthed smiles.","Most of the scene and its subjects are preserved, but the edit appears to alter expressions on the batters as well as the catcher. The criterion allows partial for additional faces edited beyond the requested catcher expression change."
J22,scene_preservation,2,completed,partial,"The source shows a baseball scene with a catcher crouched in the lower left, two batters, an umpire or observer behind the net, and a blue padded wall and field equipment in the background. The catcher’s face is mostly obscured by his mask.","The edited image retains the same baseball scene, with the catcher, both batters, the person behind the net, and the blue wall and equipment in corresponding positions. The catcher’s face appears to have a conspicuous open-mouthed expression; the batters’ faces also appear altered to open-mouthed expressions.","Most of the scene and its subjects are preserved, but the edited image appears to change the faces of the batters as well as the catcher, which is an additional subject change beyond the requested expression change. This is a minor inconsistency rather than a scene replacement."
J22,scene_preservation,3,completed,partial,"The source shows a baseball scene with a catcher crouched in the lower left, two batters, a person behind the net, and a blue padded wall and field background. The catcher’s face is mostly obscured by protective gear.","The edited image retains the same baseball scene, people, positions, and background. The catcher and both batters now have conspicuously open-mouthed expressions; the catcher’s face is visible through the mask.","Most of the scene is preserved, but the requested expression change is not limited to the catcher: both batters also appear to have been given laughing expressions. This is a minor subject change beyond the requested edit, matching the partial criterion."
J22,scene_preservation,4,completed,partial,"The source shows a baseball scene with a catcher crouched in the lower left, two batters, a blue padded wall, netting, and equipment behind them.","The edited image retains the baseball setting, the same three players and their positions, and the blue wall, netting, and equipment. The catcher and both batters appear to have conspicuously altered, open-mouthed expressions; the framing and some scene details also differ slightly.","Most of the scene and its subjects are preserved, but there are minor changes beyond the requested catcher expression: both batters also appear to have edited expressions, and the framing or background details are slightly inconsistent. This meets the partial criterion rather than complete."
J22,scene_preservation,5,completed,partial,"The source shows a baseball scene with a catcher crouched in the lower left, two batters, a blue padded wall, netting, and the field.","The edited image retains the same baseball scene, background, and players, though the catcher and both batters appear to have changed expressions to open-mouthed smiles or laughter.","Most of the scene is preserved, but expressions of subjects other than the catcher have also been altered. The criterion treats additional faces edited as a minor inconsistency, so this is partial rather than complete."
J23,toilet_bowl_identification,1,completed,complete,"A toilet is clearly visible in the center of the SOURCE image, with its tank, open bowl, and base identifiable.","A toilet remains clearly visible in the center of the EDITED image; the bowl and tank are identifiable, and the bowl is open.","The condition asks whether a toilet bowl can be identified in the SOURCE image. It is clearly visible and identifiable there, so the criterion for complete is met. The lid instruction does not change this source-identification judgment."
J23,toilet_bowl_identification,2,completed,complete,"A toilet is clearly visible in the center of the SOURCE image, with its tank and open bowl identifiable.",The same toilet remains clearly visible in the EDITED image; its bowl is open and no lid is visible.,"The condition asks whether a toilet bowl can be identified in SOURCE. It is clearly identifiable there, so the criterion for complete is met. The requested lid change does not affect this identification judgment."
J23,toilet_bowl_identification,3,completed,complete,"A white toilet is clearly visible in the center of the SOURCE image, with its tank, open bowl, and seat identifiable.",A white toilet remains clearly visible in the center of the EDITED image; the bowl is open and no lid is visible.,"The condition asks whether a toilet bowl can be identified in the SOURCE image. It is clearly identifiable there, so the condition is complete. The requested lid change is not part of this identification criterion."
J23,toilet_bowl_identification,4,completed,complete,"A toilet is clearly visible in the center of the SOURCE image, with its tank, open bowl, and base identifiable.",The same toilet remains clearly visible in the EDITED image; its bowl is open and no lid is visible.,"The condition asks only for identification of the toilet bowl in SOURCE. It is clearly identifiable there, so the criterion is complete; whether the requested lid was added is not part of this condition."
J23,toilet_bowl_identification,5,completed,complete,"A toilet is clearly visible in the center of the SOURCE image, with its tank, bowl, and seat identifiable.","A toilet remains clearly visible in the center of the EDITED image; the bowl and tank are identifiable, and the bowl appears open without a lid.","The condition asks whether a toilet bowl is identifiable in the SOURCE image. It is clearly visible and identifiable, so the criterion for complete is met. The requested lid change does not affect this identification judgment."
J23,lid_presence_on_toilet,1,completed,absent,"The toilet bowl is open, with the seat ring visible around the bowl and no lid covering or positioned above it.","At the same toilet location, the bowl remains open and no lid-like object is visible on or above it. The tank top is also open, but it is separate from the bowl.",The edited image clearly shows the toilet bowl without a lid; the visible open tank and bowl rim do not meet the criterion for a lid on the bowl.
J23,lid_presence_on_toilet,2,transport_error,,,,
J23,lid_presence_on_toilet,3,completed,absent,"The toilet bowl is open, with the seat ring visible and no lid covering or positioned above it.","The same toilet bowl remains open; the seat ring is visible, and no lid-like object is present over or above the bowl.","The edited image clearly shows the bowl without a lid. The visible white rim is the seat ring, not a lid covering or positioned above the bowl."
J23,lid_presence_on_toilet,4,completed,absent,"The toilet bowl is open, with the seat ring visible around the bowl and no lid apparent.","The same toilet bowl remains open, with the bowl interior visible and no lid or lid-like object on or above it.","The edited image clearly shows the toilet bowl uncovered. The pink item is in the tank area, not positioned as a lid on the bowl."
J23,lid_presence_on_toilet,5,completed,absent,"The toilet bowl is open, with the seat ring visible and no lid covering or positioned above it.",The same toilet bowl remains open; no lid or lid-like object is visible on or above the bowl.,The edited image clearly shows the bowl opening and seat ring without a lid. The tank’s open top is not a lid on the toilet bowl.
J23,scene_preservation,1,completed,partial,"The source shows a toilet in a small tiled bathroom, with the tank, open bowl, walls, and floor visible.","The edited image shows a toilet in a similar small tiled bathroom, but the tank is open and the bowl appears altered; no lid is visible over the bowl.","The bathroom setting and toilet remain recognizable, so the scene is mostly preserved. However, there are notable unrelated changes to the toilet itself: the tank is open and the bowl’s appearance differs, rather than only adding a lid. These changes exceed minor background or object adjustments, but the overall scene has not been replaced."
J23,scene_preservation,2,completed,absent,"The source shows a white toilet centered in a small bathroom, with the tank, open bowl, tiled floor, walls, and a partial fixture at the left edge visible.","The edited image shows a toilet in the same small bathroom, with the same tiled floor, walls, and partial fixture at the left edge. The toilet’s tank and bowl appear substantially altered: the tank is open at the top and the bowl has a different shape; no lid is visibly added to the bowl.","The overall setting is recognizable, but the edited image does not preserve the main toilet as shown in the source: its tank and bowl have conspicuously changed rather than showing only the requested bowl-lid addition. This is an unrelated major change under the scene-preservation criterion."
J23,scene_preservation,3,completed,absent,"The source shows a toilet in a small bathroom, with the tank, open bowl, tiled floor, walls, and a partial metal fixture at the left edge.","The edited image retains a toilet and the same general bathroom setting, but the toilet and surrounding scene differ noticeably: the bowl and tank are shaped or positioned differently, and a bright pink object appears in the tank.","The edited image does not preserve the same scene with only a lid added. Although both images depict a toilet in a similar small bathroom, there are substantial changes to the toilet’s appearance and a new conspicuous object in the tank, so the scene is not recognizably unchanged apart from the requested edit."
J23,scene_preservation,4,completed,absent,"The source shows a white toilet centered in a small bathroom, with a tank, an open bowl and seat, gray walls, dark tiled floor, and part of a metal fixture at the left edge.","The edited image retains the same bathroom setting and toilet, but the toilet appears altered: the tank top is open and the bowl/seat arrangement differs substantially. No lid is visibly added over the bowl.","The overall scene is recognizable, but the edit includes major unrelated changes to the toilet rather than only adding a bowl lid. This exceeds the condition's allowance for minor changes, so the scene-preservation criterion is absent."
J23,scene_preservation,5,completed,absent,"The source shows a white toilet in a small tiled bathroom, with the tank, open bowl, walls, and a metal fixture at the left edge visible.","The edited image retains the same bathroom setting and toilet, but the toilet’s tank and bowl appear substantially altered: the tank is open at the top and the bowl has a different shape and visible dark opening. No lid is visibly added to the bowl.","The scene is not preserved with only the requested lid addition. Although the bathroom and toilet remain recognizable, major changes to the toilet’s tank and bowl are visible, so the scene-preservation criterion is not met."
J24,seat_down_action,1,completed,absent,"The toilet seat is raised upright, visible as the oval ring standing vertically against the toilet tank; the lid is also raised.",The same toilet seat remains raised upright against the tank. No visible lowering of the seat is apparent.,"The seat was already raised in SOURCE and remains in the same raised position in EDITED, so the requested change is not observed."
J24,seat_down_action,2,completed,absent,The toilet seat is raised upright against the lid; the lid is also upright.,"The toilet seat remains raised upright against the lid, with no visible lowering; the lid is still upright as well.",The same seat visible in SOURCE remains in the raised position in EDITED. No visible change indicates that it was put down.
J24,seat_down_action,3,completed,absent,The toilet seat is raised upright against the lid; the toilet bowl opening is exposed.,"The toilet seat remains raised upright against the lid, and the bowl opening is still exposed.","The same seat visible in SOURCE remains in the raised position in EDITED, with no visible lowering. The requested change is not observed."
J24,seat_down_action,4,completed,absent,The toilet seat is raised upright against the tank; the lid is also raised.,"The same toilet seat remains raised upright against the tank, with no visible lowering; the lid is still raised as well.",The seat was raised in SOURCE and remains in the same raised position in EDITED. No visible change indicates that it was put down.
J24,seat_down_action,5,completed,absent,The toilet seat is raised upright against the tank; the lid is also raised.,"The same toilet seat remains raised upright against the tank, with no visible lowering; the lid is still raised as well.",The seat was raised in SOURCE and remains in the same raised position in EDITED. No visible change indicates that it was put down.
J24,scene_preservation,1,completed,complete,"A toilet with its lid and seat raised is in a small wooden-walled bathroom stall; a toilet-paper holder is mounted on the right wall, with a wooden rail and dark floor visible.","The same toilet, wooden stall walls and rail, toilet-paper holder, and floor remain visible. The toilet seat appears lowered around the bowl, while the lid remains raised.","The major scene elements and bathroom context are recognizably preserved between the images. The visible differences are consistent with the requested seat-position change, with no clear unrelated scene changes."
J24,scene_preservation,2,completed,complete,"A toilet with its lid and seat raised is in a small wooden-walled bathroom stall; a toilet-paper holder is mounted on the right wall, with a wooden rail and dark floor visible.","The same toilet, wooden stall walls and rail, toilet-paper holder, and floor remain visible. The toilet seat appears lowered around the bowl, while the lid remains raised.","The major scene elements and bathroom context are recognizably preserved between the images. The visible differences are consistent with the requested seat-position change, with no clear unrelated scene changes."
J24,scene_preservation,3,completed,partial,"The source shows a toilet in a small wooden-walled bathroom, with a toilet-paper holder on the right wall and a dark floor.","The edited image shows the same toilet, wooden walls, toilet-paper holder, and floor, with the toilet seat position changed; a small fingertip-like shape is visible at the upper-left edge.","The bathroom and its major elements remain recognizably the same, but the edited image includes a minor unrelated addition at the upper-left edge, so preservation is partial rather than complete."
J24,scene_preservation,4,completed,complete,"The source shows a toilet in a small wooden-walled enclosure, with a toilet-paper roll mounted on the right wall and a worn floor. The toilet lid and seat are raised.","The edited image shows the same wooden enclosure, toilet, right-wall toilet-paper holder, and floor. The toilet lid remains raised, while the seat appears lowered around the bowl.",The major scene elements and context are recognizably preserved; the visible differences are consistent with the requested seat-position change.
J24,scene_preservation,5,completed,partial,A toilet with its lid raised is in the left corner of a small bathroom with dark wooden walls and floor; a toilet-paper roll is mounted on the right wall.,"The same wooden bathroom, toilet, and wall-mounted toilet-paper roll remain visible. The framing and lighting differ slightly, and a small skin-colored shape appears at the upper-left edge.","The main scene and context are clearly preserved, but there are minor differences beyond the seat-position change, including altered framing/appearance and the small shape at the image edge. This fits partial preservation rather than a fully unchanged scene."
J25,flip_bottle_upside_down,1,completed,absent,"A clear plastic bottle stands upright on the floor, with its purple cap at the top and its base at the bottom.","The same clear plastic bottle remains upright, with its purple cap at the top and its base at the bottom. Its label faces a different direction, but the bottle is not inverted.",The bottle’s orientation is unchanged: the cap remains above the base. A change in label-facing direction does not show a flip toward upside down.
J25,flip_bottle_upside_down,2,completed,absent,"A clear plastic bottle stands upright on the floor, with its purple cap at the top and its base at the bottom.","The same bottle remains upright, with the purple cap at the top and the base at the bottom; its label faces a different direction.",The bottle’s orientation has not changed to upside down. The changed label-facing direction does not indicate inversion.
J25,flip_bottle_upside_down,3,completed,absent,"A clear plastic bottle stands upright on the floor, with its purple cap at the top and its base at the bottom.","The same bottle remains upright, with the purple cap at the top and the base at the bottom; its label faces a different direction.",The bottle’s orientation is unchanged from SOURCE. The changed label-facing direction does not indicate that the bottle was flipped upside down.
J25,flip_bottle_upside_down,4,completed,absent,"A clear plastic bottle stands upright on its base, with the purple cap at the top and the bottle base at the bottom.","The same bottle remains upright, with its purple cap at the top and its base at the bottom; it appears larger and its label faces a different direction, but it is not inverted.",The bottle’s orientation is unchanged: the cap remains above the base in EDITED. A change in apparent size or label-facing direction does not show a flip or tilt toward upside down.
J25,flip_bottle_upside_down,5,completed,absent,"A clear plastic bottle stands upright on the floor, with its purple cap at the top and its base at the bottom.","The same bottle is still upright, with its purple cap at the top and its base at the bottom. Its label faces a different direction, but the bottle is not inverted.",The bottle’s orientation is unchanged from SOURCE; a change in label-facing direction does not show a flip upside down.
J25,preserve_source_scene,1,completed,partial,"The source shows a bottle standing upright on a tiled floor, in front of a light wall panel and dark wooden trim. The surrounding floor, wall, trim, and visible right-side dark area form the scene to compare.","The edited image retains the tiled floor, light wall panel, dark wooden trim, and right-side dark area in broadly the same arrangement. The bottle is larger and positioned more centrally, and its label and shape appear different; the surrounding scene remains recognizable, though there are noticeable framing or scale differences.","Most of the source scene is preserved and recognizable, but the non-bottle elements are not perfectly consistent: the framing and apparent scale differ, with the wall panel and trim boundaries shifted. This fits minor scene changes rather than complete preservation or replacement."
J25,preserve_source_scene,2,completed,partial,"The source shows a bottle standing upright on a tiled floor, in front of a light wall panel and dark wooden trim. The surrounding floor, wall, trim, and visible right-side dark area form the scene to compare.","The edited image retains the tiled floor, light wall panel, dark wooden trim, and right-side dark area in broadly the same arrangement. The bottle is larger and positioned more centrally, and some scene details and framing differ, but the background and non-bottle objects remain recognizable.","Most of the source scene is preserved and recognizable, but there are noticeable changes in framing and scene details beyond the bottle’s orientation. This meets the partial criterion for minor alterations to non-bottle elements; the scene is not substantially replaced or missing."
J25,preserve_source_scene,3,completed,partial,"The scene has a pale wall or panel above dark reddish-brown trim, a dark vertical frame at the right, and a light tiled floor with a visible grout line and reflection. The bottle stands upright near the center; no other objects are apparent.","The same pale wall or panel, dark trim and right-side frame, and tiled floor with grout line remain visible. The bottle is still upright, but appears larger and differently positioned or framed than in SOURCE.","The background and non-bottle scene remain recognizable and mostly consistent, though the framing or scale differs somewhat. The bottle’s orientation change is outside this condition; for scene preservation, the visible scene is largely retained with a minor discrepancy."
J25,preserve_source_scene,4,completed,complete,"The source shows a cream wall or panel above a dark reddish-brown horizontal base, with a tiled reflective floor and a dark vertical frame at the right. The bottle stands upright near the center; no other objects are apparent.","The edited image retains the same cream background, dark horizontal base, tiled floor, and right-side vertical frame. The bottle is larger and more centrally prominent, but the surrounding scene remains visually consistent; no clear changes to non-bottle objects are visible.","The condition concerns preservation of the source scene apart from the bottle's orientation. The background, setting, and visible non-bottle elements appear consistent between images, with no evident replacement, omission, or substantial alteration."
J25,preserve_source_scene,5,completed,partial,"The scene has a pale wall or panel above dark reddish-brown trim, a dark vertical frame at the right, and a light tiled floor with a visible grout line and reflection. The bottle stands upright near the center; no other objects are apparent.","The same pale wall, dark trim and right-side frame, tiled floor, grout line, and reflection remain visible. The bottle is larger and positioned more centrally, but the surrounding scene is still recognizable and appears largely preserved.","The background and non-bottle scene remain recognizable, but there are noticeable differences in framing or scale and in the floor/reflection details. This supports partial rather than complete preservation under the stated criteria."
J26,cond1,1,completed,absent,"A clear glass is on the right side of the image, separate from a blister pack of pills to its left.","The same glass remains on the right, separate from the blister pack of pills to its left. A bright blue object is visible inside the glass, but the glass is not on top of the pills.",The glass has not been moved onto or into contact with the pills; it remains apart from them. The blue object inside the glass does not satisfy the requested placement.
J26,cond1,2,completed,absent,"A clear glass is on the right side of the image, separate from a blister pack of pills to its left.","The same glass remains on the right, separate from the blister pack of pills to its left. A bright blue object is visible inside the glass, but the glass is not on top of the pills.",The glass has not been moved onto or into contact with the pills; it remains apart from them. The blue object inside the glass does not satisfy the requested placement.
J26,cond1,3,completed,absent,A clear glass stands to the right of a blister pack containing several pills; it is separate from the pack and does not overlap it.,"The same glass remains to the right of the blister pack, with no visible contact or overlap between the glass and the pills. A bright blue object or reflection is visible inside the glass.",The glass has not been moved on top of the pills; it remains separate from them in the edited image.
J26,cond1,4,completed,absent,"A clear glass is upright on the right side of the image, separated from a blister pack of pills to its left. The pills are not beneath the glass.","The glass remains upright in the same position on the right, while the blister pack remains to its left. A bright blue object or reflection is visible inside the glass, but the glass is not on top of the pills.",The same glass has not been moved onto or into contact with the pills; it remains separate from them. The blue appearance inside the glass does not establish that the glass is resting on the pills.
J26,cond1,5,completed,absent,"The glass is upright on the right side of the image, separate from the blister pack of pills to its left.","The same glass remains upright on the right, separate from the blister pack. A bright blue object is visible inside the glass, but the glass is not on top of or overlapping the pills.","The glass has not been moved onto the pills; it remains apart from them, so the requested placement is absent."
J26,cond2,1,completed,complete,A white blister pack with several pill-shaped tablets is visible on the dark surface to the left of the glass.,"The same blister pack remains visible to the left of the glass, with its pill-shaped tablets still identifiable; the glass is beside it rather than covering it.","The source pills remain clearly visible and identifiable in the edited image, satisfying the complete criterion regardless of whether the glass was placed on top."
J26,cond2,2,completed,complete,A white blister pack with several pill-shaped tablets is visible on the dark surface to the left of the glass.,"The same blister pack remains visible to the left of the glass, with its pill-shaped tablets still identifiable; the glass does not obscure it.","The source pills remain clearly visible and identifiable in the edited image, satisfying the complete criterion."
J26,cond2,3,completed,complete,A white blister pack with several pill-shaped tablets is visible on the tabletop to the left of the glass.,"The same blister pack remains visible to the left of the glass, with several pill-shaped tablets still identifiable; the glass does not obscure it.","The source pills remain present and clearly identifiable in the edited image, satisfying the complete criterion."
J26,cond2,4,completed,complete,A white blister pack with several visible pill-shaped tablets is on the dark surface to the left of the glass.,"The same white blister pack remains to the left of the glass, with its pill-shaped tablets still visible and identifiable; a blue object is visible inside the glass.",The target pills from SOURCE remain clearly visible and identifiable in EDITED. The condition is complete regardless of whether the glass is on top of them.
J26,cond2,5,completed,complete,A white blister pack with several pill-shaped tablets is visible on the surface to the left of the glass.,"The same blister pack remains visible to the left of the glass, with several pill-shaped tablets still identifiable; the glass does not cover it.","The source pills remain present and identifiable in the edited image, satisfying the stated criterion regardless of whether the glass was placed on top of them."
J26,cond3,1,completed,complete,"The scene shows a blister pack of pills on a dark, speckled surface and a hand holding a clear glass at the right. The glass is beside the pack, not on top of the pills.","The same dark surface, blister pack, hand, and glass remain visible in the same arrangement. The glass is still beside the pills, with a bright blue object or reflection visible inside it; it has not been placed on top of the pills.","The condition concerns preservation of the overall scene apart from the requested glass-and-pills change. The background and unrelated scene elements remain recognizable and appear unchanged. The glass and pills are the permitted elements to alter, so their relation not matching the instruction does not make this scene-preservation condition incomplete."
J26,cond3,2,completed,complete,"The scene shows a blister pack of pills on the left and a clear glass held at the right, with a dark, speckled surface and strong lighting and shadows.","The same blister pack, held glass, dark speckled surface, lighting, and shadows remain visible and recognizable. The glass now contains a bright blue object or substance; the surrounding scene appears otherwise unchanged.",The condition concerns preservation of the overall scene apart from the requested glass-and-pills change. The background and unrelated scene elements remain recognizable and appear unchanged; the visible addition inside the glass is part of the requested edit. There is no clear evidence of unrelated scene replacement or substantial alteration.
J26,cond3,3,completed,complete,"The scene shows a blister pack of pills on a dark, textured surface beside a clear glass held at the right edge. The glass is upright and appears to contain a small amount of liquid; the surrounding surface and lighting are visible.","The blister pack, dark textured surface, glass, hand, and surrounding lighting remain recognizable in the same arrangement. The glass now contains a bright blue object or substance, while the blister pack and other visible scene elements appear unchanged.","The overall scene context and unrelated objects remain recognizable and substantially unchanged. The visible difference is confined to the glass and its contents, which are part of the requested glass-and-pills change."
J26,cond3,4,completed,complete,"The scene shows a blister pack of pills on the left and a clear glass held at the right, with a dark, speckled surface and strong lighting and shadows.","The same blister pack, glass, hand, surface, lighting, and shadows remain visible. The glass now contains a bright blue object or liquid near its bottom; the pills and surrounding scene appear otherwise unchanged.","The overall scene and unrelated elements remain recognizable and appear preserved. The glass and its relation to the pills are the requested elements that may change, so the visible addition inside the glass does not indicate that the surrounding scene was replaced or substantially altered."
J26,cond3,5,completed,complete,"The scene shows a blister pack of pills on a dark, speckled surface beside a clear glass held at the right edge. A bright light patch falls across the surface, and a dark strip or edge is visible near the bottom right.","The same blister pack, dark speckled surface, lighting patch, bottom-right edge, and hand-held glass remain visible. The glass now contains a bright blue object or reflection near its bottom; the surrounding scene appears otherwise unchanged.","The background and unrelated scene elements remain recognizable and substantially unchanged. The visible difference is confined to the glass and its contents/relation to the pills, which is the requested area of change."
J27,cloth-unfolding,1,completed,partial,"A rectangular patterned cloth lies in a compact, folded stack, with a colorful floral section visible on top and dark folded layers beneath.","The same rectangular cloth appears broader and more open across the top, but it still has dark layers underneath and remains folded or bunched along its edges.","Compared with the compact stack in SOURCE, the cloth in EDITED is visibly spread over a wider area, indicating some unfolding. However, substantial folded layers remain beneath it, so it is only partially unfolded."
J27,cloth-unfolding,2,completed,partial,"A rectangular patterned cloth lies in a compact, folded stack, with a colorful floral section visible on top and dark folded layers beneath.","The same rectangular cloth appears broader and more open across the top, but it still has dark layers underneath and remains folded or bunched along its edges.","Compared with the compact stack in SOURCE, the cloth in EDITED is visibly spread over a wider area, indicating some unfolding. However, substantial folded layers remain beneath it, so it is only partially unfolded."
J27,cloth-unfolding,3,completed,partial,"A rectangular patterned cloth lies near the center-left, folded into a compact stack with a colorful floral section visible on top and dark folded layers beneath.","The same cloth is still a compact rectangular stack. A patterned layer is spread over the top, but dark folded layers remain underneath and the cloth has not been opened out into a broad, flattened piece.","Compared with the SOURCE, a top section appears more open and spread across the stack, but substantial folded layers and compactness remain. This supports partial unfolding rather than complete unfolding."
J27,cloth-unfolding,4,completed,partial,"A rectangular patterned cloth lies in a compact, layered fold, with a floral section visible on top and dark folded layers beneath.","The same rectangular cloth appears broader and more open across the top, but it remains layered over a dark folded section underneath.","Compared with the compact folded cloth in SOURCE, the top section in EDITED is visibly spread out, indicating some unfolding. However, substantial layers remain folded beneath it, so the cloth is only partially unfolded."
J27,cloth-unfolding,5,completed,partial,"A rectangular patterned cloth lies on the floor in a compact, folded stack; its colorful top panel is visible, with dark folded layers beneath and along the sides.","The same rectangular cloth appears spread into a broader, flatter shape, with a pale patterned surface covering most of the top. Dark material remains visible underneath, and the cloth still has some folds or uneven edges.","Compared with the compact folded stack in SOURCE, the cloth in EDITED is visibly more open and spread out. However, it remains layered and uneven, with substantial dark folded material beneath it, so the evidence supports partial rather than complete unfolding."
J27,scene-preservation,1,completed,partial,"The scene shows a patterned gray floor covering, with a folded black cloth bearing colorful floral and geometric designs near the center-left and hands visible at the upper right.","The patterned floor covering and a cloth in roughly the same location remain visible, but the cloth now appears spread out with a small black-and-white pattern; the hands are no longer visible, and the framing and floor pattern differ noticeably.","The main setting and cloth are recognizable, so the scene is not wholly replaced. However, the edited image has noticeable differences in framing and background appearance, and the cloth’s design is not clearly the same as in the source. The scene is therefore only partly preserved rather than clearly unchanged apart from the cloth’s state."
J27,scene-preservation,2,completed,partial,The scene shows a folded black cloth with a colorful floral and geometric patterned section on a gray floral-patterned surface; hands are visible near the upper right.,"A cloth lies across the same gray floral-patterned surface, but its visible side is a small black-and-white pattern and the surrounding view is framed differently. The hands are no longer visible.","The main setting and cloth remain recognizable, so the scene is mostly preserved. However, the cloth’s visible pattern and presentation differ, and the framing/background details are not identical; this is not a clear preservation with only the cloth’s state changed."
J27,scene-preservation,3,completed,partial,"The scene shows a patterned gray floor covering, a folded black cloth with a colorful floral section near the center-left, and hands entering from the upper right.","The edited image shows a patterned gray floor covering and a cloth near the center-left, now spread over the dark folded base with a small repeating pattern; a hand or arm remains visible at the upper right.","The main setting and cloth are still present, so the scene is mostly preserved. However, the cloth’s visible design and arrangement differ substantially, and the framing or floor pattern also appears altered; this is not clearly the same scene with only the cloth state changed."
J27,scene-preservation,4,completed,complete,"The scene shows a patterned gray floor covering, a folded black cloth with a colorful floral section near the center-left, and hands entering from the upper-right.","The patterned floor covering and a cloth near the center-left remain, but the cloth is spread differently and appears as a gray-and-black patterned surface; the hands are no longer visible.","The edited image preserves the same overall setting and main objects: the patterned floor and cloth in the same general location. The cloth's state has changed, consistent with unfolding it. The differences in the cloth's visible pattern and the absence of the hands do not indicate replacement of the scene."
J27,scene-preservation,5,completed,partial,"The scene shows a patterned gray floor covering, with a folded black cloth bearing colorful floral and geometric designs near the center-left and hands visible at the upper right.","A patterned gray floor covering remains, and a cloth lies near the center-left, but it has a different visible pattern and appearance from the colorful cloth in the source. The hands are no longer visible.","The floor covering and the cloth's general placement preserve much of the scene, but the cloth's visible design differs substantially and the hands are absent. The scene is not clearly preserved with only the cloth's state changed, yet it is not an unrelated replacement scene."
J28,move_cup_away_from_pen,1,completed,absent,"A white cup is near the center-right, with a blue pen lying diagonally to its left; the pen’s upper end is close to the cup’s left side.","The same white cup and blue pen are visible. The cup is still close to the pen, with the pen’s upper end near the cup’s left side; the objects appear larger in the edited view, but their relative spacing does not clearly increase.","The cup and pen remain in essentially the same relative positions, with no clear movement of the cup away from the pen. The apparent size and framing differences do not establish the requested separation."
J28,move_cup_away_from_pen,2,completed,unknown,"A white cup is near the center-right, with a blue pen diagonally to its lower left; the pen’s upper end is close to the cup’s left side.","The same white cup and blue pen are visible. The cup appears larger in the frame, and the pen remains diagonally to its lower left, with its upper end still close to the cup’s left side.","The objects are identifiable in both images, but the framing and apparent scale differ substantially, making their relative positions difficult to compare reliably. The images do not clearly establish whether the cup moved farther from the pen."
J28,move_cup_away_from_pen,3,completed,absent,"A white cup is near the center-right, with a blue pen lying diagonally just to its left; the pen’s upper end is close to the cup.","The same white cup and blue pen are both visible. The cup appears larger and shifted rightward in the frame, while the pen is also larger and shifted, remaining immediately to the cup’s left with its upper end close to the cup.","The cup and pen remain adjacent in essentially the same relative arrangement, with no clear increase in their separation. The apparent size and framing changes do not establish that the cup was moved away from the pen."
J28,move_cup_away_from_pen,4,completed,absent,"A white cup is near the center-right, with a blue pen lying diagonally just to its lower left; the pen’s upper end is close to the cup’s left side.","The same white cup and blue pen are visible. The cup appears larger in the frame, and the pen remains immediately to its lower left, with its upper end still close to the cup’s left side.",The cup and pen remain adjacent in essentially the same relative arrangement; there is no clear visible increase in their separation. The apparent size and framing differences do not establish that the cup moved away from the pen.
J28,move_cup_away_from_pen,5,completed,absent,"A white cup is near the center-right, with a blue pen lying diagonally to its lower left; the pen’s upper end is close to the cup’s left side.","The same white cup and blue pen are visible. The cup is still to the right of the pen, and the pen’s upper end remains close to the cup’s left side; the cup appears larger in the edited view, but there is no clear increase in their separation.","The cup and pen remain in essentially the same relative positions, with no visible evidence that the cup moved farther away from the pen. The apparent size and framing differences do not establish a change in their relative spacing."
J28,scene_preservation,1,completed,partial,"The SOURCE shows a white cup near the center-right, a blue pen lying diagonally to its lower left, and a gray keypad-like object and black object along the upper edge on a light tabletop.","The EDITED image retains the cup, blue pen, keypad-like object, black object, and tabletop, but the framing and apparent scale differ substantially: the cup and pen are larger, and the upper-edge objects are shifted or cropped differently. The cup remains near the pen.","Most of the same scene and objects are recognizable, but the edited view has noticeable framing/scale changes and shifts beyond simply moving the cup relative to the pen. The scene is not wholly replaced, so this is partial preservation rather than complete."
J28,scene_preservation,2,completed,partial,"The SOURCE shows a white cup near the center-right, a blue pen lying diagonally to its lower left, and a gray keypad-like object and black object along the upper edge on a light tabletop.","The EDITED image retains the cup, blue pen, keypad-like object, black object, and tabletop, but the framing and apparent scale differ substantially: the cup and pen are larger, and the upper-edge objects are shifted or cropped differently. The cup remains near the pen.","Most of the same scene and objects are recognizable, but the edited view has noticeable framing/scale changes and shifts beyond simply moving the cup relative to the pen. The scene is not wholly replaced, so this is partial preservation rather than complete."
J28,scene_preservation,3,completed,partial,"The source shows a white cup near the center-right, a blue pen lying diagonally to its lower left, and a keypad and dark object in the background.","The edited image shows the same cup, pen, keypad, and dark background object, but the cup and pen appear substantially larger and differently positioned in the frame; the pen remains to the cup’s lower left. The framing and visible portions of the scene also differ.","Most of the same scene elements are recognizable, but the edited view has a substantial change in scale/framing and apparent object placement beyond simply moving the cup relative to the pen. The scene is not wholly replaced, yet preservation is not complete."
J28,scene_preservation,4,completed,partial,"The source shows a white cup on a light tabletop, a blue pen beside it, and a partially visible gray keypad-like object and black object in the background.","The edited image shows the same cup, blue pen, tabletop, and background objects, but the framing and apparent scale differ substantially: the cup and pen are larger, and the keypad-like and black objects are shifted or cropped differently. The pen remains beside the cup.","Most of the scene and its objects are recognizable, but the edited view has noticeable framing/scale changes and shifts beyond the cup's position relative to the pen. This is not full scene preservation, though the scene is not replaced or substantially unrelated."
J28,scene_preservation,5,completed,partial,"The SOURCE shows a white cup near the center-right, a blue pen lying diagonally to its lower left, and a gray keypad-like object and black object along the upper edge on a light tabletop.","The EDITED image retains the same cup, blue pen, keypad-like object, black object, and tabletop arrangement. The cup and pen appear larger in the frame, consistent with a closer or differently cropped view; the pen remains to the cup’s lower left. No clear unrelated object replacement or substantial scene alteration is visible.","Most of the scene and its objects are preserved, but the framing/scale differs noticeably between images, so the scene is not unchanged apart from the cup’s position relative to the pen. This is a minor-to-moderate scene-context difference rather than wholesale replacement or alteration."
J29,move_bowl_left_of_flower,1,completed,partial,"The SOURCE shows one large white bowl with a pale green rim in the foreground, below and slightly in front of a small red-and-yellow flower near the center.",The EDITED image shows the flower near the upper middle and two small white bowls at the lower left. Neither bowl clearly matches the SOURCE bowl’s larger size and distinctive pale green rim; the original-looking bowl is not clearly identifiable.,"There are bowls to the viewer’s left of the flower, but they appear visually different from the SOURCE bowl, and the image does not clearly show that the original bowl was moved. The attempted left-of-flower placement is present, but the SOURCE bowl’s identity and appearance are not preserved clearly enough for complete."
J29,move_bowl_left_of_flower,2,completed,partial,"The SOURCE shows one large white bowl with a pale green rim near the lower center, and a red-yellow flower behind it near the center.","The EDITED image shows the flower near the upper center and two small white bowls at the lower left. Both bowls are to the left of the flower, but neither clearly matches the SOURCE bowl's size and green rim; the original bowl is not clearly identifiable.","There is a bowl-like object to the left of the flower, so the requested spatial relationship is attempted. However, the bowls appear smaller and lack the SOURCE bowl's distinctive rim, and there are two bowls rather than a single matching bowl. This supports partial rather than complete."
J29,move_bowl_left_of_flower,3,completed,absent,"The SOURCE shows one large white bowl with a pale green rim in the foreground, below and slightly to the left of a small red-and-yellow flower near the center.",The EDITED image shows the flower near the upper center and two small white bowls at the lower left. Neither bowl clearly matches the SOURCE bowl’s larger size and distinctive pale green rim; the original bowl is not clearly identifiable.,"Although bowls appear to the left of the flower, they are visually dissimilar to the SOURCE bowl, and there is no clear evidence that the SOURCE bowl was moved. The condition therefore meets the absent criteria."
J29,move_bowl_left_of_flower,4,completed,partial,"The SOURCE shows one large white bowl with a pale green rim near the lower center, and a red-yellow flower behind it near the center.",The EDITED image shows the flower near the upper center and two small white bowls to its left. Neither bowl clearly matches the SOURCE bowl’s larger size and distinctive pale green rim.,"There are bowls to the left of the flower, but they do not clearly satisfy the required visual similarity to the SOURCE bowl, and the image shows extra bowls. The intended leftward relationship is attempted, but the criteria for complete are not met."
J29,move_bowl_left_of_flower,5,completed,partial,"The SOURCE shows one large white bowl with a pale green and dark rim near the lower center, and a red-yellow flower behind it near the center.",The EDITED image shows the flower near the upper center and two small white bowls at the lower left. Neither bowl clearly matches the SOURCE bowl's size and distinctive rim; the right bowl is the closer visual match but lacks the visible rim detail. Both are to the left of the flower.,"There is a bowl-like object to the left of the flower, and the right bowl has a broadly similar white, rounded shape, so the intended relation is attempted. However, there are two bowls, and neither clearly preserves the SOURCE bowl's distinctive rim and appearance; the image does not establish that the original bowl was moved rather than replaced or duplicated. This fits partial rather than complete."
J29,scene_preservation,1,completed,partial,"The source shows a dark tabletop against a light wall, with one dried red-and-yellow flower near the back center and one large white bowl in the foreground.","The edited image retains a dark tabletop, light wall, and a similar flower near the back, but the framing and layout differ substantially. Two small white bowls appear at the lower left; the original large foreground bowl is not present in its original form.","The scene remains recognizable through the tabletop, wall, and flower, but it is not preserved with only the requested bowl movement: the bowl's size and number differ, and the overall framing/layout has changed. This is more than a minor unrelated alteration, but the scene has not been wholly replaced or made unrecognizable."
J29,scene_preservation,2,completed,partial,"The source shows a dark tabletop against a light wall, with one dried red-and-yellow flower near the back center and one large white bowl in the foreground.","The edited image retains a dark tabletop, light wall, and a similar flower near the back, but the framing and layout differ substantially. Two small white bowls appear at the lower left; the original large foreground bowl is not present in its original form.","The scene remains recognizable through the tabletop, wall, and flower, but it is not preserved with only the requested bowl movement: the bowl's size and number differ, and the overall framing/layout has changed. This is more than a minor unrelated alteration, but the scene has not been wholly replaced or made unrecognizable."
J29,scene_preservation,3,completed,partial,"The source shows a cream wall above a dark tabletop, with one dried flower near the back center and one large white bowl near the front center.","The edited image retains a cream wall, dark tabletop, and a flower near the back, but shows two small white bowls at the lower left instead of the single large bowl; the framing and relative scale/layout also differ substantially.","The scene remains recognizable through the wall, tabletop, and flower, but it is not preserved with only the bowl's position changed: an extra bowl is present and the bowl arrangement/scale and framing differ. This fits partial preservation rather than complete."
J29,scene_preservation,4,completed,partial,"The source shows a dark tabletop against a light wall, with one red-yellow flower near the back and one large white bowl near the center foreground.","The edited image retains a dark tabletop, light wall, and flower, but the framing/layout differs and two small white bowls appear at the lower left; the original large bowl is not clearly present as the same object.","The scene remains recognizable through the tabletop, wall, and flower, but it is not preserved with only the bowl's position changed: the bowl's apparent size and number differ, and the overall framing/layout is substantially altered. These are visible changes beyond the requested movement, while the scene is not wholly replaced or unrecognizable."
J29,scene_preservation,5,completed,partial,"The source shows a dark tabletop against a light wall, with one flower near the back and one large white bowl near the center foreground.","The edited image retains a dark tabletop, light wall, and flower, but the framing/layout differs and there are two small white bowls at the lower left instead of the single large bowl shown in the source.","The scene remains recognizable through the same tabletop, wall, and flower, but it is not preserved with only the bowl moved: the bowl's appearance/size and count differ, and the overall framing/layout has changed. This is a substantial but still recognizable scene alteration, fitting partial rather than complete or absent."
J30,move_can_right_of_knife,1,completed,unknown,"The red Coca-Cola can is near the upper center of the table, and the knife lies below it, with its handle extending toward the bottom edge.","A red can is visible near the upper center of the table. The knife is not clearly identifiable in the edited image; a dark triangular shape appears to the can’s lower left, but it does not clearly show the knife from the source.","The source can and knife are identifiable, but the edited image does not make the knife identifiable enough to determine whether the can is to its right or whether the can was moved relative to its original position."
J30,move_can_right_of_knife,2,completed,unknown,"The red Coca-Cola can is near the upper center of the table, above and slightly left of the knife. The knife lies lengthwise near the center, with its handle toward the bottom of the image.","A red can is visible near the upper center of the table. The knife is not clearly identifiable in the edited image; a dark triangular shape appears at lower left, but it does not clearly show the knife from the source.","The source can and knife are identifiable, and the can is initially above and slightly left of the knife. In the edited image, the can is visible, but the knife's identity and position cannot be determined, so whether the can was moved to the knife's right cannot be assessed."
J30,move_can_right_of_knife,3,completed,unknown,"The source shows a red Coca-Cola can near the upper center of the table and a knife below it, with the knife slightly to the right of the can.","The edited image shows a red can near the upper center-left, but no identifiable knife is visible; a dark triangular shape appears on the table.","The source can and knife are identifiable, but the edited image does not clearly show the knife or establish the can's position relative to it. The dark shape is not identifiable as the knife, so the requested spatial change cannot be assessed."
J30,move_can_right_of_knife,4,completed,absent,"The source shows a red Coca-Cola can near the upper center of the table and a knife below it, with the knife extending toward the bottom edge.","The edited image shows a red can near the upper center and a dark triangular shape in the lower-left area, but the knife is not clearly identifiable; the can is not visibly positioned to the right of a clearly visible knife.","The source can and knife are identifiable, but the edited image does not show the can moved to the right of the knife. The knife appears missing or unidentifiable, and the can remains near the upper center rather than clearly to the right of it."
J30,move_can_right_of_knife,5,completed,absent,"The SOURCE shows a red Coca-Cola can near the upper middle of the table and a knife below it, with the knife extending toward the bottom edge. The can is slightly to the left of the knife’s upper portion.",The EDITED image shows a red can near the middle-left of the table. The knife is not clearly visible; a dark triangular shape at the lower left is not identifiable as the knife.,"The can and knife are identifiable in SOURCE, establishing the target can. In EDITED, the can is present, but the knife is missing or unidentifiable, so the required right-of-knife placement cannot be confirmed. Under the stated criteria, this is absent."
J30,scene_preservation,1,completed,absent,"The source shows a red Coca-Cola can near the center of a dark tabletop, with a spoon below it, against a beige wall.","The edited image shows a red can on a dark tabletop, but the spoon is absent and the background and scene framing differ substantially; text is also overlaid across the top.","The scene is not preserved: the spoon and beige wall from the source are missing, and the edited image has a different composition and prominent added text. These changes go beyond the can's movement."
J30,scene_preservation,2,completed,absent,"The source shows a red Coca-Cola can on a dark tabletop, with a spoon in front of it and a plain light-colored wall behind the table.","The edited image shows a different-looking red can on a dark tabletop, but the spoon is absent. The background and framing also differ substantially: a white band with text appears above the table, and the tabletop scene is cropped and rearranged.","The scene-preservation criterion is not met: the spoon and original wall/table composition are not preserved, and the edited image appears to show a substantially altered or replaced scene rather than only the can's movement."
J30,scene_preservation,3,completed,absent,"The source shows a red Coca-Cola can near the back-center of a dark tabletop, a spoon in the foreground, and a plain light-colored wall behind them.","The edited image shows a red can on a dark tabletop, but it appears to be a different can and the spoon is not visible. The background and framing also differ substantially, with text across the top and a large dark triangular shape on the table.","The scene is substantially altered rather than preserved: the spoon and plain wall from the source are missing, and the edited image has added text and a prominent dark shape. This exceeds changes attributable to moving the can."
J30,scene_preservation,4,completed,absent,"The source shows a red Coca-Cola can near the center of a dark tabletop, with a spoon in front of it and a plain light wall behind them.","The edited image shows a different-looking red can on a dark tabletop, but the spoon is absent; the background and framing also differ, with a white text banner across the top.","The scene is substantially altered: the spoon and original wall/table composition are not preserved, and the can appears different. This exceeds the permitted change of moving the can, so the scene-preservation condition is absent."
J30,scene_preservation,5,completed,absent,"The source shows a red Coca-Cola can standing near the center of a dark tabletop, with a spoon in front of it and a plain light wall behind the table.","The edited image shows a different-looking red can on a dark tabletop, but the spoon is absent. The background and framing also differ: a white band with text appears above the table, and the image is cropped and lower quality.","The scene is not preserved: the spoon and plain wall from the source are missing or replaced, and the edited image has a prominent text band and substantially different framing. These changes go beyond the can's movement."
J31,move_bowl_to_armchair,1,completed,absent,A small white bowl with a dark rim is on the floor to the left of the blue armchair.,A white bowl remains on the floor to the left of the armchair; the armchair seat is empty.,"The source bowl is not visible resting on the armchair in EDITED and appears to remain in its original floor location, so the requested relocation is absent."
J31,move_bowl_to_armchair,2,completed,absent,A small white bowl with a dark rim is on the floor to the left of the blue armchair.,The white bowl remains on the floor to the left of the armchair; the armchair seat is empty.,"The source bowl is visible in EDITED but has not been moved onto the armchair, so the requested relocation is absent."
J31,move_bowl_to_armchair,3,completed,absent,A small white bowl is on the wooden floor to the left of the blue armchair; the chair seat is empty.,The white bowl remains on the floor to the left of the blue armchair. The armchair seat is empty.,"The bowl identified in SOURCE is not resting on the armchair in EDITED; it is still on the floor, so the requested relocation is absent."
J31,move_bowl_to_armchair,4,completed,absent,A small white bowl with a dark rim is on the floor to the left of the blue armchair.,A white bowl is still visible on the floor to the left of the blue armchair; the armchair seat is empty.,"The source bowl remains on the floor rather than resting on the armchair in EDITED, so the requested relocation is not shown."
J31,move_bowl_to_armchair,5,completed,absent,A small white bowl with a dark rim is on the floor to the left of the blue armchair.,A white bowl is still on the floor to the left of the armchair; the armchair seat is empty.,"The bowl identified in SOURCE has not been moved onto the armchair in EDITED. It remains on the floor, and no bowl is visible resting on the chair."
J31,preserve_scene_except_bowl_move,1,completed,partial,"The source shows a blue armchair centered against a beige wall, with a white bowl on the wooden floor to the chair’s lower left. The wall outlet, baseboards, floor vent, and floorboards are also visible.","The edited image still shows the chair, beige wall, outlet, baseboards, wooden floor, and floor vent, but the framing and scale differ substantially. The bowl is on the floor to the chair’s left, rather than on the armchair; the chair and other scene details appear smaller and shifted within the image.","Most major scene elements remain, but the edited image has a noticeably different framing/scale and layout, so preservation is not exact. The bowl’s position has not been changed to the armchair; however, this condition evaluates preservation of the other scene content, and the visible differences are best characterized as partial rather than a substantially different scene."
J31,preserve_scene_except_bowl_move,2,completed,partial,"The source shows a blue armchair centered against a beige wall, with a white bowl on the floor to the chair’s left, an outlet on the wall, a floor vent to the right, white baseboards, and a wood floor.","The edited image still shows the chair, wall, outlet, baseboards, vent, and wood floor, and the bowl is now on the floor to the chair’s left. However, the framing and scale differ substantially: the chair and other scene elements appear smaller, and the wall and floor layout are shifted/cropped compared with the source.","The bowl’s position appears unchanged rather than moved onto the armchair. Most scene elements remain, but the edited image has a noticeably different framing and scale, so the scene is not clearly preserved exactly apart from the bowl’s position; this is a substantial presentation change but not a wholly different scene."
J31,preserve_scene_except_bowl_move,3,completed,partial,"The source shows a blue armchair centered against a beige wall, with a white bowl on the wooden floor to the chair’s lower left. A wall outlet, baseboards, and a floor vent are also visible.","The edited image still shows the blue armchair, beige wall, wooden floor, outlet, baseboards, and floor vent, with the bowl now on the floor to the chair’s left. The scene is reframed and appears smaller, and some details and proportions differ from the source.","Most major scene elements are retained and the bowl is in a different position, but the edited image has noticeable framing/scale and scene-layout differences beyond the bowl move. This is more than a fully preserved scene, though the main objects and setting remain."
J31,preserve_scene_except_bowl_move,4,completed,partial,"The source shows a blue armchair centered against a beige wall, with a white bowl on the floor to the chair’s left. The wall outlet, baseboards, wood floor, and floor vent are also visible.","The edited image still shows the blue armchair, beige wall, outlet, baseboards, wood floor, and floor vent, with the bowl now on the floor to the chair’s left. The scene is framed much more widely or at a different scale, and the chair and other details appear smaller; the main objects and their arrangement remain recognizable.","Most of the source scene and its major objects are preserved, and the bowl remains visible near the chair’s left side. However, the edited image has a noticeably different framing/scale and some scene details are shifted or rendered differently, so preservation is not exact; this fits partial rather than complete."
J31,preserve_scene_except_bowl_move,5,completed,partial,"The source shows a blue armchair centered against a beige wall, with a white bowl on the wooden floor to the chair’s lower left. The wall outlet, baseboards, floor vent, and floorboards are also visible.","The edited image still shows the armchair, beige wall, outlet, baseboards, wooden floor, and floor vent, and the bowl is now on the floor to the chair’s left. However, the framing and scale differ substantially: the chair and other scene elements appear smaller, and the visible room layout is changed.","Most major scene content is retained, but the edited image has a noticeably different framing/scale and layout rather than clearly preserving the source scene with only the bowl’s position changed. The bowl remains on the floor rather than visibly being moved onto the armchair; the preservation condition is therefore only partial, not complete."
J32,c1,1,completed,absent,A pair of white-framed sunglasses with dark lenses is clearly visible on the chair seat.,"The chair is visible in the background, but the seat area is partly obscured by a foreground person and overlaid text. No sunglasses are clearly visible under the chair or elsewhere.","The source sunglasses are identifiable on the seat, but the edited image provides no recognizable evidence that they were moved under the chair. The condition specifies absent when the sunglasses are not under the chair; the obstruction does not reveal any sunglasses beneath it."
J32,c1,2,completed,unknown,A pair of white-framed sunglasses with dark lenses is clearly visible on the chair seat.,"The chair is visible in the background, but its seat area is partly obscured by a person and overlaid text. The sunglasses are not clearly visible under the chair or elsewhere.","The edited image does not allow the sunglasses' location or identity to be determined: the chair's lower area is substantially obscured, so it is unclear whether the same sunglasses were moved underneath it or are missing from view."
J32,c1,3,completed,absent,A pair of white-framed sunglasses with dark lenses is clearly visible on the chair seat.,"The chair is visible in the background, but no sunglasses can be seen on or beneath it. A foreground arm and overlaid text obscure part of the lower scene.","The source sunglasses are identifiable, but the edited image does not show them under the chair; they are not visible elsewhere either. The visible chair and scene provide no recognizable evidence that the sunglasses were moved underneath."
J32,c1,4,completed,absent,A pair of white-framed sunglasses with dark lenses is clearly resting on the chair seat.,"The chair is visible in the background, but no sunglasses can be seen on or beneath it. A foreground person and overlaid text obscure part of the scene.","The source sunglasses are identifiable on the chair seat, but the edited image does not show them under the chair or elsewhere. The criteria classify the sunglasses as absent when they are missing from the edited image."
J32,c1,5,completed,unknown,The white-framed sunglasses with dark lenses are clearly visible on the chair seat in SOURCE.,"The chair is visible in EDITED, but its seat and the area beneath it are partly obscured by a person and overlaid text. No sunglasses are clearly visible under the chair or elsewhere.","The sunglasses are identifiable in SOURCE, but the obstruction in EDITED prevents determining whether they are under the chair, missing, or hidden. The image does not provide enough evidence to assign complete, partial, or absent."
J32,c2,1,completed,partial,"The source shows a wooden chair centered against a beige wall, with white-framed sunglasses on its seat; a wall outlet, baseboard, and wood floor are also visible.","The edited image retains the chair, beige wall, outlet, baseboard, and wood floor, though the framing and scale differ. A large foreground arm and overlaid text obscure much of the lower scene; the sunglasses are not clearly visible.","Most of the original scene is still recognizable, but the edited image adds prominent unrelated foreground content and text and obscures part of the scene. This is more than a minor artifact, yet the chair and background remain recognizable rather than being replaced."
J32,c2,2,completed,partial,"The source shows a wooden chair centered against a beige wall, with white-framed sunglasses resting on the chair seat. The wall outlet, baseboard, and wood floor are visible around it.","The edited image retains the chair, beige wall, outlet, baseboard, and wood floor, though the framing and appearance differ. A large foreground arm and overlaid text obscure much of the lower scene; the sunglasses are not clearly visible, and the area beneath the chair is partly obscured.","Most of the original scene elements remain recognizable, but the edited image includes prominent unrelated additions (the arm and text) and obscures part of the scene. This is more than a minor artifact, yet the scene is not replaced, so preservation is partial."
J32,c2,3,completed,partial,"A wooden chair is centered against a beige wall, with white-framed sunglasses resting on the seat. The wall outlet, baseboard, and wood floor are visible around it.","The chair and room appear in the background, but a large foreground person and overlaid text obscure much of the lower scene. The sunglasses are not clearly visible; the image also appears cropped or reframed compared with the source.","The chair, wall, outlet, baseboard, and floor indicate that most of the original scene remains, but the edited image has substantial unrelated foreground content and framing differences that obscure the seat and prevent confirming the sunglasses' position. This is not a clear scene replacement, but preservation is incomplete."
J32,c2,4,completed,partial,"The source shows a wooden chair centered against a beige wall, with sunglasses resting on the chair seat; the wall outlet, baseboard, and wood floor are visible.","The edited image retains a chair against a beige wall with an outlet, baseboard, and wood floor, but a foreground person and large text overlay obscure much of the lower scene. The sunglasses are not clearly visible.","The scene is still recognizable and its main background elements and chair appear preserved, but the edited image adds a prominent person and text overlay that are unrelated to moving the sunglasses. The sunglasses' position cannot be confirmed because the seat area is partly obscured."
J32,c2,5,completed,partial,"The source shows a wooden chair centered against a beige wall, with white-framed sunglasses resting on the chair seat. The wall outlet, baseboard, and wood floor are visible around it.","The edited image retains the chair, beige wall, outlet, baseboard, and wood floor, though the framing and appearance differ. A large foreground arm and overlaid text obscure much of the lower scene; the sunglasses are not clearly visible.","Most of the same scene elements remain recognizable, but the edited image has substantial unrelated additions (a foreground arm and text overlay) and obscures part of the scene. The criteria classify preserved scenes with unrelated minor changes as partial; the sunglasses' position is not assessable here."
N01,C1,1,completed,absent,"A person in dark clothing is visible at the upper landing, standing near the wall and railing; the person is not visibly taking a step down the stairs.","The source person appears at the upper landing in the background, standing near the railing with an arm extended. A different, closer person is visible on the stairs, but the source person is not shown descending.","The source person remains at the landing rather than showing a recognizable descending step. The person on the stairs in the edited image is distinct from the source person, so their position does not satisfy the requested condition."
N01,C1,2,completed,unknown,"A person in dark clothing is visible at the upper landing, leaning toward the wall or railing. Their feet appear together or close on the landing, with no clear step-taking posture down the stairs.","A dark-clothed person is partly cropped at the right edge beside the staircase; one leg extends toward a stair, but the head and upper body are out of frame, and the image does not reliably establish that this is the source person. Another person is visible at the upper landing.","The source person is identifiable at the upper landing, but the edited image does not allow reliable matching to the cropped figure on the stairs, and the other visible person remains at the landing. The visible leg placement alone is insufficient to establish that the source person is descending."
N01,C1,3,completed,absent,"A person in dark clothing is visible at the upper landing, standing upright beside the wall; the person is not visibly taking a descending step on the stairs.","The source person appears at the upper landing in the background, standing upright near the railing. A different, closer person is on the stairs, but the source person is not visibly descending.","The source person remains standing at the landing in the edited image. The visible person on the stairs is a different person, so their apparent position does not establish the requested descent by the source person."
N01,C1,4,completed,absent,"A person in dark clothing is visible at the upper landing, facing toward the wall and another person; they are standing rather than visibly stepping down the stairs.","The source person appears to be the dark-clothed figure near the upper landing in the background, still upright and not visibly descending. A different dark-clothed person is prominent on the stairs, but their identity as the source person is not established.","The source person is identifiable by their position and appearance near the upper landing. In the edited image, that figure remains at the landing without a recognizable step-taking or downward progression. The person on the stairs is a separate-looking figure, so their placement does not demonstrate that the source person is walking down."
N01,C1,5,completed,unknown,"A person in dark clothing stands at the upper landing beside the stairs, leaning toward the wall or railing; they are not visibly taking a step down.","A dark-clothed person is on the stairs at the right, with their legs positioned across the steps in a possible descending stance. The person is partly cropped, and it is unclear whether this is the same person as the one at the upper landing in the source; another person is visible near the upper landing.","The source target is the dark-clothed person at the upper landing. In the edited image, the person on the stairs could be that target, but the changed framing and partial crop make identity uncertain, while a separate person remains near the landing. The visible stair pose suggests possible descent but does not resolve whether the source person is walking down."
N01,C2,1,completed,partial,"The source shows a curved indoor staircase with pale stone steps, a brown handrail on white balusters, a blue-and-windowed landing, and nearby wall and furnishings. A person stands near the upper landing.","The edited image retains the indoor stairwell and its curved brown handrail, white balusters, and upper landing, but the steps are now dark and straight-looking, and the surrounding lower-right furnishings and other scene details differ or are omitted. A person is visible on the stairs.","The same stairwell remains recognizable, so the scene has not been replaced. However, substantial visible scene details have changed or disappeared beyond the localized change to the person, including the appearance and layout of the stairs and lower-right surroundings; this meets the partial criterion."
N01,C2,2,completed,partial,"The source shows a curved, light-colored staircase with pale stone steps, a brown wooden handrail on white balusters, and a landing with a bright window and blue vertical panels. A person stands near the upper landing; a red cloth is draped near the lower railing, and dark objects are visible at the right edge.","The edited image retains a curved staircase and upper landing, but the steps are dark, the railing and balusters differ in appearance, the window and blue panels are altered in framing, and the red cloth and other right-side objects are no longer visible. People are present on the stairs and landing.","The scene remains recognizably a staircase with an upper landing, but several source-scene details are visibly changed or omitted, including the step appearance and the red cloth and right-side objects. The scene is not wholly replaced, so this meets the partial criterion."
N01,C2,3,completed,partial,"The source shows a curved indoor staircase with pale stone steps, a brown handrail on white balusters, a blue-and-windowed upper landing, and surrounding white walls. A person stands at the top landing; a red cloth is draped near the lower railing, and dark objects are visible at the lower right.","The edited image retains a recognizable indoor staircase and parts of the same curved handrail, white balusters, blue upper area, and landing. However, the stairs appear dark and straight rather than pale and curved, the window and wall details differ or are missing, and the red cloth and lower-right objects are absent or obscured. A person is shown on the stairs.","The scene remains recognizably a staircase in the same general setting, but several source-scene details are visibly altered, omitted, or obscured. This is more than a localized change to the person, while the scene is not wholly replaced, matching partial."
N01,C2,4,completed,absent,"The source shows a curved, light-colored staircase with gray steps, a wooden handrail on white balusters, a bright window and blue wall at the upper left, and objects beside the lower right of the stairs. A person stands near the top landing.","The edited image retains a staircase and some of the upper window and blue wall, but the stairs are straight and dark, the handrail and balusters differ, and the surrounding lower-right objects and other scene details are changed or absent. People are visible on the stairs and landing.","The source staircase and surrounding scene are substantially replaced or altered: the distinctive curved stair layout, steps, railing, and nearby objects do not match. This is more than localized change to the person, so the source scene is no longer recognizably preserved as required."
N01,C2,5,completed,absent,"The source shows a curved indoor staircase with pale stone steps, a brown handrail on white balusters, a blue-and-windowed upper landing, and nearby wall and objects. A person stands at the top landing.","The edited image still shows an indoor staircase and upper landing, but the stairs are now straight and dark, the handrail and balusters are differently arranged, and the surrounding landing, walls, and nearby objects differ substantially. People are visible, but the scene does not retain the source staircase and background.","The source scene has been substantially replaced rather than preserved: the distinctive curved stairs and surrounding scene content are changed. This meets the absent criterion, regardless of whether a person is depicted walking down the stairs."
N04,jacket_fully_closed,1,completed,unknown,"A woman stands in the doorway wearing a bright pink jacket. Its front appears open, with a dark garment visible between the jacket sides.","The edited image shows a different-looking woman in a light-colored top, with no clearly identifiable pink jacket or visible jacket opening corresponding to the source garment.","The source target is the woman’s pink jacket, but the edited image does not provide a sufficiently identifiable counterpart or visible jacket edges to judge whether that same jacket was closed. The text overlay is not evidence of a garment change."
N04,jacket_fully_closed,2,completed,unknown,"A woman stands in the doorway wearing a bright pink jacket. Its front appears open, with a dark inner garment visible between the jacket sides.","The edited image shows a different-looking woman in a light-colored top, with no clearly identifiable pink jacket or visible jacket opening corresponding to the source garment.","The source target is the woman’s pink jacket, but the edited image does not provide a sufficiently identifiable view of that same jacket or its closure. The visible top in the edited image cannot be established as the source jacket, so whether the target jacket was closed is indeterminable."
N04,jacket_fully_closed,3,completed,unknown,"A woman stands in the doorway wearing a bright pink jacket. Its front appears open, with a dark garment visible between the jacket fronts.","The edited image shows a different-looking woman in a light-colored top, with no visible pink jacket or identifiable counterpart to the source jacket. The source jacket’s closure cannot be assessed in this image.","The target is the pink jacket worn by the woman in SOURCE. EDITED does not show that jacket or a clearly identifiable same target, so there is no visual evidence to determine whether it was closed; the instruction text alone does not establish a change."
N04,jacket_fully_closed,4,completed,unknown,"A woman stands in the doorway wearing a bright pink jacket. Its front appears open, with a dark garment visible between the jacket sides.","The edited image shows a different-looking woman in a light-colored top, with no clearly identifiable pink jacket or visible jacket opening corresponding to the source garment.","The target is the pink jacket worn by the woman in the source. The edited image does not provide a clearly identifiable view of that same jacket, so it is not possible to determine whether it was closed; the text overlay and changed appearance do not establish closure."
N04,jacket_fully_closed,5,completed,unknown,"A woman stands in the doorway wearing a bright pink jacket. Its front appears open, with a dark garment visible between the jacket fronts.","The edited image shows a different-looking woman in a light-colored top, with no visible pink jacket or identifiable counterpart to the source jacket.","The source target is the pink jacket, but the edited image does not show that jacket or enough evidence to determine its closure. The changed person and clothing do not establish that the source jacket was closed."
N04,preserve_source_scene,1,completed,absent,"The source shows a hallway with a woman standing in the doorway wearing a bright pink jacket, with a dark room behind her and a small dark item on the floor nearby.","The edited image shows a different-looking woman much closer to the camera in the hallway, with long hair and a light-colored top; the pink-jacketed woman and the floor item are not visible. Text overlays the bottom of the image.","The edited image does not retain the same recognizable woman or salient scene content: the woman’s appearance and clothing differ substantially, and the source floor item is absent. This is not merely a localized jacket-closure change, so the scene-preservation condition is absent."
N04,preserve_source_scene,2,completed,absent,"The source shows a hallway with a woman standing in the doorway wearing a bright pink jacket, with a dark room behind her and a small dark item on the floor nearby.","The edited image shows a different-looking woman much closer to the camera in the hallway, with long hair and a light-colored top; the pink-jacketed woman and the floor item from the source are not visible. Text overlays the bottom of the image.","The edited image does not preserve the recognizable source scene and woman: the central person’s appearance and clothing differ substantially, and salient source content is missing. This is more than a localized jacket-closure change."
N04,preserve_source_scene,3,completed,absent,"The source shows a woman in a bright pink jacket standing at the far end of a narrow hallway, with doorways, wall fixtures, and a dark object on the floor nearby.","The edited image shows a different-looking woman much closer to the camera in the hallway, with long hair and a light-colored top; the floor object and much of the original view are no longer visible, and text overlays the image.",The woman and scene content are not recognizably preserved: the edited image appears to replace the source woman and substantially changes or omits salient scene content. This is scene replacement rather than a localized jacket-closure edit.
N04,preserve_source_scene,4,completed,absent,"The source shows a woman in a bright pink jacket standing at the far end of a narrow hallway, with doorways, a framed wall item, and a dark object on the floor visible around her.","The edited image shows a different-looking woman much closer to the camera in the hallway, with very long hair and a light-colored top; the pink-jacketed woman and the floor object from the source are not visible. Text overlays the lower part of the image.","The edited image does not preserve the recognizable source scene and woman: the central subject has been replaced, and salient source content such as the floor object and the view into the room behind her is missing or substantially changed. This is scene replacement rather than a localized jacket-closure edit."
N04,preserve_source_scene,5,completed,absent,"The source shows a hallway with a woman standing in the doorway wearing a bright pink jacket, with a dark room behind her and a small dark item on the floor nearby.","The edited image shows a different-looking woman much closer to the camera in the hallway, with long hair and a light-colored top; the pink-jacketed woman and the floor item from the source are not visible. Text overlays the bottom of the image.",The edited image does not retain the same recognizable woman or salient source scene content. The scene appears replaced rather than showing a localized jacket-closure change.
N14,target_cube_gray,1,completed,complete,"A blue cube is visible near the bottom center, in front of the green cube. Its top and side faces appear blue.","The corresponding cube remains recognizable near the bottom center, but its visible faces appear gray rather than blue. A small orange detail is visible on its front-facing area.","The source blue cube is still identifiable in the edited image and is visibly gray, satisfying the requested recoloring. The orange detail does not prevent the cube from being recognizable as the same cube."
N14,target_cube_gray,2,completed,complete,"The target is the blue cube near the bottom center, in front of the green cube. It has blue visible on its top and side faces.","The corresponding cube remains recognizable in the same area, but its visible faces are gray; a small orange detail is visible on its front face.",The source blue cube is visibly recolored gray in the edited image and remains recognizable as the same cube. The small orange detail does not change the overall gray appearance.
N14,target_cube_gray,3,completed,complete,"A blue cube is visible near the bottom center-left, in front of the green cube. Its top and side faces are blue, and it has a recognizable cube shape.","The corresponding cube remains in the bottom center-left foreground with the same recognizable shape, but its visible faces appear gray rather than blue. A small orange detail is visible on its front face.","The source blue cube can be matched to the foreground cube in the edited image. That cube is visibly gray while retaining its recognizable cube form, meeting the complete criterion."
N14,target_cube_gray,4,completed,complete,"The source contains a clearly visible blue cube near the lower center, in front of the green cube and beside the silver sphere.","The corresponding cube remains recognizable in the lower center, but its visible faces appear gray rather than blue.","The source blue cube is still present as the same cube, and in the edited image it is visibly gray. The recoloring appears complete on the visible faces."
N14,target_cube_gray,5,completed,complete,"A small blue cube is visible near the bottom center, in front of the green cube. Its top and side faces appear blue.","The corresponding cube remains recognizable near the bottom center, but its visible faces appear gray rather than blue; a small orange detail is also visible on its front-facing side.","The source blue cube is still identifiable in the edited image and is visibly gray, meeting the requested recoloring criterion. The orange detail does not change the cube’s overall gray appearance."
N14,preserve_source_scene,1,completed,partial,"The source shows a gray studio scene with a blue cube in the foreground, a green cube, a large green cylinder, a small yellow cylinder, two red spheres, a small purple cube, a large purple box, a yellow sphere, and a reflective dark sphere.","The scene and most objects remain recognizable in similar positions, but the foreground blue cube is gray and appears altered in shape or surface, with a small orange detail visible on it. The other visible objects remain present.","The requested recoloring is allowed, but the foreground cube has a meaningful unintended alteration beyond color: its appearance is no longer the same blue cube, with a changed-looking form/surface and an added orange detail. The rest of the scene is largely preserved, so this is partial rather than absent."
N14,preserve_source_scene,2,completed,partial,"The source shows a gray studio scene with a blue cube in the foreground, alongside a reflective silver sphere, green cylinder and cube, yellow cylinder and sphere, two small red spheres, and two purple box-like objects.","The scene and its other objects remain recognizable and in roughly the same positions, but the foreground blue cube is gray. Its top appears partly separated or hinged, with a small orange detail visible on the front-facing surface.","The requested recoloring is allowed, and the overall scene is preserved. However, the target cube has also acquired a noticeable altered top/opening and an orange detail not present in the source, a meaningful unintended change to the target object beyond its color."
N14,preserve_source_scene,3,completed,partial,"The source shows a gray studio scene with a yellow cylinder at left, a tall green cylinder, two small red spheres, a small purple cube, a reflective silver sphere, a blue cube in the foreground, a green cube, and a large purple box with a yellow sphere in front.","The edited image retains the same general arrangement and most objects, but the foreground blue cube is gray and has a small orange detail on its top/front area. The other visible objects remain in roughly corresponding positions.","The requested recoloring of the blue cube is allowed, and the scene remains recognizable. However, the cube also appears to have gained a small orange detail that is not present in the source, a meaningful unintended alteration to non-target scene content."
N14,preserve_source_scene,4,completed,partial,"The source shows a gray studio scene with a blue cube in the foreground, alongside a reflective silver sphere, green cylinder and cube, two small red spheres, a small yellow cylinder, a small purple cube, and a large purple box with a yellow sphere in front.","The scene and its other objects remain recognizable and in roughly the same arrangement. The foreground cube is gray, as requested, but it also appears to have a small orange detail on its front face that is not visible in the source.","The requested recoloring is allowed, and the source scene is largely preserved. However, the added orange detail on the cube is a meaningful unintended alteration to non-target scene content, so preservation is partial."
N14,preserve_source_scene,5,completed,partial,"The source shows a gray tabletop scene with a blue cube in the foreground, a green cube, a large green cylinder, a small yellow cylinder, two small red spheres, a reflective silver sphere, a small purple cube, and a large purple box with a yellow sphere in front.","The scene and most objects remain recognizable and in similar positions. The foreground blue cube is gray, as requested, but it also appears to have a small orange detail on its front face that was not present in the source. The framing and object positions differ slightly.","The requested recoloring is allowed, and the source scene is largely preserved. However, the gray cube has an apparent added orange detail, a meaningful unintended alteration to non-target content, so preservation is partial rather than complete."
N16,remove_target,1,completed,complete,"A small blue, glossy cube is visible on the right side of the source image, separate from the larger purple and blue objects.",The corresponding area on the right is empty of the blue glossy cube; only faint shadows remain there.,"The identified tiny blue shiny object is the cube at the right of the source. It is no longer visibly present in the edited image, including as a recognizable fragment or relocated instance."
N16,remove_target,2,completed,complete,"A small blue, shiny cube is visible on the right side of the source image, separate from the larger purple and blue objects.",The cube is no longer visible on the right side of the edited image; that area shows only the background and shadows.,"The source target is the distinct small blue shiny cube at the right. It is absent from the edited image, with no recognizable fragment or relocated instance visible."
N16,remove_target,3,completed,complete,"A small blue, glossy cube is visible on the right side of the source image, separate from the other objects.",The corresponding area on the right contains only faint shadows; the blue glossy cube is not visibly present.,"The source target is the small shiny blue cube at the right. It is no longer visible in the edited image, including as a recognizable fragment or relocated instance."
N16,remove_target,4,completed,complete,"A small blue, glossy cube-like object is visible on the right side of the source image, separate from the larger purple and blue forms.",The corresponding right-side area contains only gray floor and shadows; the small blue glossy object is not visible.,"The source target is identifiable by its blue color, shiny surface, and location at the far right. It is no longer visibly present in the edited image, including as a recognizable fragment or relocated instance."
N16,remove_target,5,completed,complete,"A small blue, shiny cube is visible on the right side of the source image, separate from the other objects.",The blue cube is no longer visible in the corresponding right-side area; only faint shadows or background shapes remain there.,"The source target is the distinct small blue shiny cube at the right. It is not visibly present in the edited image, including as a recognizable fragment or relocated instance."
N16,preserve_scene,1,completed,partial,"The source shows a gray floor and background with several colored geometric objects: a purple sphere at the far left, a red cylinder, a gray cylinder, small brown and yellow cylinders, a blue sphere behind a purple cylinder, a purple rectangular block, a yellow foreground cylinder, and a small blue shiny cube at the right.","The small blue cube and several other source objects are absent, including the purple sphere, blue sphere, and purple cylinder. The remaining objects are still arranged on a gray floor, but there are conspicuous empty areas and shadows where objects had been.","The target blue shiny object is removed, but the edited image also omits multiple non-target objects from the source. The scene remains broadly recognizable, yet these meaningful omissions exceed negligible incidental variation, so preservation is partial."
N16,preserve_scene,2,completed,partial,"The source shows a gray floor and background with several colored geometric objects: a purple sphere at the left, a red cylinder, a gray cylinder, small brown and yellow cylinders, a blue sphere behind a purple cylinder, a purple rectangular block, and a small blue shiny cube at the right.","The small blue cube and several other source objects are absent, including the purple sphere, blue sphere, and purple cylinder. The remaining objects are still arranged on a gray floor, but there are conspicuous empty areas and shadow-like marks where objects had been.","The target blue shiny object is removed, but the edited image also omits multiple non-target objects from the source. The scene remains broadly recognizable, yet these meaningful omissions exceed negligible incidental variation, so preservation is partial."
N16,preserve_scene,3,completed,partial,"The source shows a gray floor and background with several colored geometric objects: a purple sphere at the far left, a red cylinder, a gray cylinder, small brown and yellow cylinders, a blue sphere behind a purple cylinder, a purple rectangular block, and a small blue shiny cube at the right.","The small blue cube and several other source objects are absent, including the purple sphere, blue sphere, and purple cylinder. The remaining objects are arranged on a similar gray background, but their positions and spacing differ noticeably from the source.","The scene remains broadly recognizable, but the edit changes more than removal of the tiny blue shiny target: multiple non-target objects are missing and the arrangement is altered. These are meaningful unintended changes, so preservation is partial rather than complete."
N16,preserve_scene,4,completed,partial,"The source shows a gray floor and background with several colored geometric objects: a purple sphere at the far left, a red cylinder, a gray cylinder, small brown and yellow cylinders, a blue sphere behind a purple cylinder, a purple rectangular block, a yellow foreground cylinder, and a small blue shiny cube at the right.","The small blue cube and several other source objects are absent, including the purple sphere, blue sphere, and purple cylinder. The gray, red, brown, and yellow cylinders and the purple block remain, but their arrangement and visible shadows differ from the source.","The target blue shiny cube is removed, but non-target scene content is meaningfully altered: multiple objects are missing and the remaining scene is not fully preserved. The scene is still largely recognizable, so this is partial rather than complete."
N16,preserve_scene,5,completed,partial,"The source shows a gray floor and background with several colored geometric objects: a purple sphere at left, a red cylinder, a gray cylinder, small yellow and brown cylinders, a large purple block and cylinder, a blue sphere behind the purple cylinder, and a small blue shiny cube at the right.","The edited image retains the gray setting and the red, gray, yellow, brown, and purple objects, but the purple sphere, blue sphere, and small blue cube are absent. Faint shadow-like marks remain in the right background.","The scene is still largely recognizable, but non-target content has meaningfully changed: the purple sphere and blue sphere visible in the source are also missing in the edited image. The target blue cube is removed, but the extra omissions make preservation partial."
N20,comic_book_visual_treatment,1,completed,complete,"The source shows a city intersection with cars, a pedestrian, storefronts, utility poles and wires, and a traffic light. It has a soft, photographic appearance without prominent ink outlines or print-like texture.","The same intersection and recognizable vehicles and buildings remain. The edited image has stronger, sketch-like dark outlines and more posterized, graphic shading and color across much of the scene, though photographic detail remains.","The edited scene shows a broad, coherent comic-book-like treatment through visible outlines and simplified, graphic color and shading, while retaining the source photo’s recognizable content. This is more than a content change or a localized effect."
N20,comic_book_visual_treatment,2,completed,complete,"The source shows a city intersection with cars, a pedestrian, storefronts, utility poles and wires, and a traffic light. It has a soft, photographic appearance without prominent ink outlines or print-like texture.","The same intersection and recognizable vehicles and buildings remain. The edited image has stronger, sketch-like dark outlines and more graphic, somewhat simplified color and shading across much of the scene, though photographic detail remains.","The edited scene shows a broad, coherent comic-book-like treatment rather than a change limited to an object: outlines and graphic color/shading affect the streetscape, vehicles, and other scene elements while preserving the source content."
N20,comic_book_visual_treatment,3,completed,complete,"The source shows a street intersection with cars, a pedestrian, storefronts, utility poles and wires, and a traffic light. It has an ordinary photographic appearance with natural detail and no clear comic-book outlines or print texture.","The same intersection and recognizable scene remain. The edited image has stronger, somewhat ink-like edges and a more graphic, posterized color and shading treatment across the buildings, vehicles, road, and sky, though photographic detail remains.","The change is applied broadly to the source scene rather than being limited to an added object. The combination of visible edge emphasis and simplified, graphic color and shading makes the image read as comic-book styled while preserving the recognizable photographic content."
N20,comic_book_visual_treatment,4,completed,complete,"The source shows a city intersection with cars, a pedestrian, storefronts, utility poles and wires, and a traffic light. It has a soft, photographic appearance with natural gradients and little visible outlining or print texture.","The same intersection and recognizable vehicles and buildings remain. The edited image has stronger dark edge outlines, more defined and somewhat simplified shading, and a muted, graphic color treatment across much of the scene, though it still retains photographic detail.","The edited scene shows a broad, coherent comic-book-like treatment rather than a change limited to an object: outlines and graphic shading are visible across the buildings, vehicles, and other scene elements. The source content remains recognizable, meeting the criteria for complete."
N20,comic_book_visual_treatment,5,completed,complete,"The source shows a city intersection with storefronts, overhead wires, a traffic light, several cars, and a pedestrian. It has a muted, photographic appearance without prominent comic-book outlines or print texture.","The same intersection and recognizable vehicles and pedestrian remain. The edited image has stronger, somewhat simplified color and shading, with visible dark edge-like outlines around buildings, cars, and other scene details, giving it a graphic, illustrated look.","Compared with the photographic source, the edited scene shows a broadly applied comic-like treatment across the buildings, vehicles, road, and sky, combining pronounced outlines with altered, flatter color and shading. The scene remains recognizable, so the styling meets the complete criterion."
N20,source_scene_preservation,1,completed,complete,"The source shows a busy urban intersection with storefronts along the left, overhead utility wires, a traffic signal, several cars, and a person standing near the vehicles.","The edited image depicts the same intersection, with the same storefronts, wires, traffic signal, cars, and person. The rendering has stronger outlines and textured, comic-book-like colors.",The overall scene and recognizable main elements are preserved; the visible change is stylistic rather than a scene replacement.
N20,source_scene_preservation,2,completed,complete,"The source shows a busy urban intersection with storefronts along the left, overhead utility wires, a traffic signal, several cars, and a person standing near the vehicles.","The edited image depicts the same intersection, with the same storefronts, wires, traffic signal, cars, and person. The rendering has stronger outlines and textured, comic-book-like colors.",The overall scene and recognizable main elements are preserved; the visible change is stylistic rather than a scene replacement.
N20,source_scene_preservation,3,transport_error,,,,
N20,source_scene_preservation,4,completed,complete,"The source shows a busy urban street intersection with storefronts and utility wires, a traffic signal, several cars, and a person standing near the vehicles.","The edited image depicts the same intersection, storefronts, wires, traffic signal, cars, and person, rendered with comic-book-like outlines and heightened colors.",The overall scene and recognizable main elements are preserved; the visible changes are stylistic rather than a scene replacement.
N20,source_scene_preservation,5,completed,complete,"The source shows a busy urban street intersection with storefronts and a vertical sign on the left, overhead utility wires and traffic lights, several cars crossing, and a person standing near the center of the roadway.","The edited image retains the same intersection, storefronts, wires, traffic lights, cars, and central pedestrian. The scene has a strongly illustrated, comic-book-like appearance with enhanced outlines and colors.","The overall source scene and its recognizable main elements remain visible in the edited image. The rendering style changes, but the scene is not replaced or substantially obscured."
N24,background_oil_painting,1,completed,complete,"The background is a nearly black area surrounding and behind the helmets and tabletop display, with little visible texture.","The same surrounding background appears brown and visibly textured, with broad, uneven painterly-looking marks across much of the area behind the objects.","The background itself has changed from nearly black to a visibly textured, painterly appearance across the broad background area. This is recognizable oil-paint-like treatment, rather than a change limited to the foreground objects."
N24,background_oil_painting,2,completed,complete,"The background is a nearly black area surrounding and behind the helmets and tabletop display, with little visible texture.","The same surrounding background appears brown and visibly textured, with broad, uneven painterly-looking marks across much of the area behind the objects.","The background itself has changed from nearly black to a visibly textured, painterly appearance across the broad background area. This is recognizable oil-paint-like treatment, rather than a change limited to the foreground objects."
N24,background_oil_painting,3,transport_error,,,,
N24,background_oil_painting,4,completed,complete,"The background in the SOURCE is a nearly black area surrounding and behind the helmets and pale tabletop, with no obvious painterly texture.","The corresponding background in the EDITED image is a dark brown, visibly textured area with broad, irregular brush-like marks, giving it an oil-painted appearance. The tabletop and objects also look altered, but the background itself shows the relevant texture.","The background region is identifiable in both images. In the EDITED image, recognizable painterly marks are visible across the dark background, meeting the criterion for an oil-painted background."
N24,background_oil_painting,5,completed,complete,"The background is a nearly black area surrounding and behind the helmets and tabletop display, with little visible texture.","The same surrounding background is now brownish and visibly textured with broad, irregular painterly marks; this appearance is present across much of the background behind the objects.","The background itself, rather than only the foreground objects, has a recognizable oil-painted appearance with visible painterly texture across the background."
N24,preserve_source_scene,1,completed,complete,"The source shows a dark scene with two helmets and several wooden mallets resting on a pale, red-streaked rectangular surface.","The edited image retains the same helmets, mallets, and red-streaked surface in the same arrangement. The image has a painterly, oil-like rendering, including in the dark background.","The recognizable source scene and main objects are preserved. The visible change is primarily a painterly treatment, including of the background; there is no substantial replacement of the scene or main subject."
N24,preserve_source_scene,2,completed,complete,"The source shows a dark scene with two helmets and several wooden mallets resting on a pale, red-streaked rectangular surface.","The edited image retains the same helmets, mallets, and red-streaked surface in the same arrangement. The image has a painterly, oil-like rendering, including in the dark background.","The recognizable source scene and main objects are preserved. The visible change is primarily a painterly treatment, including of the background; the scene is not substantially replaced or obscured."
N24,preserve_source_scene,3,transport_error,,,,
N24,preserve_source_scene,4,completed,complete,"The source shows a staged still life: two dark helmets and several wooden mallets rest on a white, red-streaked rectangular surface against a nearly black background.","The edited image retains the same still life, with the two helmets, mallets, and red-streaked surface in the same arrangement. The image has an oil-painting-like treatment, and the formerly nearly black background is rendered as a textured dark brown surface.",The recognizable source scene and main subject are preserved. The visible background treatment changes without replacing the scene or substantially altering unrelated scene content.
N24,preserve_source_scene,5,completed,complete,"The source shows a still-life scene: two dark helmets and several wooden mallets rest on a pale, red-streaked rectangular surface against a nearly black background.","The edited image retains the same helmets, mallets, and red-streaked surface in the same arrangement. The background and the rest of the image have a painterly, oil-painting-like rendering, with the background appearing brown and textured rather than nearly black.","The recognizable source scene and its main objects are preserved. The visible change is primarily a painterly treatment, including the background; there is no substantial replacement of the scene or main subject."
N25,both_hands,1,completed,absent,"The source shows one person’s forearms and hands above a plate in the lower center. Both hands are together near the plate’s upper edge, rather than visibly positioned on opposing sides of it.","The same person’s hands remain together above the plate’s upper edge, holding or handling something; neither hand is visibly placed around the plate. A hand-like image on the plate does not establish the person’s second hand around it.","The source-identified person’s two hands are not arranged around the same plate in the edited image. The visible hand positions do not establish the requested relation, so the condition is absent."
N25,both_hands,2,completed,absent,"The source shows one person’s two forearms and hands near the top of the sink drainer, handling a small item. A plate is below them, and neither hand is positioned around the plate.","The same person’s hands are still together near the top of the drainer, handling the small item. One hand is visible resting on the plate, but the other remains away from the plate; the hands do not flank or enclose it.",The source-identified person’s two hands are not arranged around the same plate in the edited image. A hand touching the plate while the other is elsewhere does not establish the requested around-plate relation.
N25,both_hands,3,completed,absent,"The source shows one person’s forearms and hands over the sink drainer, handling a small item above the plate. The plate is below the hands; neither hand is visibly positioned on an opposing side of or around the plate.","The same person’s hands remain together around the small item above the plate. The plate is below them, and the hands are not arranged on opposing sides of it.","The source-identified person and plate are identifiable, and the edited image does not show either hand placed around the plate. The hands are occupied with an item above it, so the requested around-plate relation is absent."
N25,both_hands,4,completed,absent,"The source shows one person’s two forearms and hands near the top of the sink drainer, handling a small item. A plate is visible below them, but neither hand is positioned around the plate.","The same person’s hands remain together around the small item above the plate. The plate is below the hands, not between or enclosed by them.",The source-identified person’s hands do not form the requested around-plate relation in the edited image; they are occupied with an item above the plate. This is not a recognizable attempt to place both hands around the plate.
N25,both_hands,5,completed,absent,"The source shows a person’s forearms and hands over the sink area, handling something near the top edge of a large plate. The hands are not positioned on opposing sides of the plate; the plate is below them.","The same person’s hands remain together around the item above the plate. One hand is also visible over the plate, but the other is not positioned on the opposite side of it, so both hands do not visibly surround the plate.","The source-identified person and plate are identifiable, but in the edited image the person’s hands are occupied around an item above the plate rather than arranged around the plate itself. The requested both-hands-around relation is not established."
N25,preserve_source_scene,1,completed,complete,"The source shows a person at a stainless-steel sink and draining board, with a purple utensil holder, a green item and white drain cover in the sink, and a plate on the board. The person’s hands are near a small cluster of food above the plate.","The edited image retains the same sink, draining board, purple utensil holder, green item, white drain cover, plate, and person. The hands and food are positioned differently, and one hand is visible over the plate.",The source scene and its identifiable principal objects remain recognizable in the edited image; there is no noticeable replacement or unintended loss of unrelated scene content. The visible differences are consistent with the requested hand-position change and incidental rendering variation.
N25,preserve_source_scene,2,completed,partial,"The source shows a sink and draining board, a purple utensil holder, and a plate with food near the bottom. The person's hands are over a small food item near the faucet; the plate and surrounding kitchen scene are visible.","The edited image retains the same sink, draining board, purple utensil holder, person, and plate. The hands and food near the faucet are positioned differently, and one hand is visible over the plate; the scene remains otherwise recognizable, though the plate contents appear somewhat different or less clearly visible.","The source scene and principal identities are preserved, so this is not a scene replacement. However, there is a noticeable localized change to the plate/food content or its visibility beyond the requested hand-position change, making preservation partial rather than complete."
N25,preserve_source_scene,3,completed,complete,"The source shows an overhead view of a sink and draining board, with the person's arms and hands near a small brown item above a plate. A purple container is at the upper right, and a green item and white flower-shaped object are in the sink.","The edited image retains the same sink, draining board, person, plate, purple container, and sink items. The hands and brown item are positioned differently, and a hand-shaped image or reflection is visible on the plate.",The source scene and its salient content remain recognizable in the edited image; there is no evident scene replacement or substantial unrelated alteration. The visible differences are consistent with the requested hand-position edit and incidental rendering variation.
N25,preserve_source_scene,4,completed,complete,"The source shows a person at a stainless-steel sink and draining board, holding food above a large plate. A faucet, green item in the sink, and purple utensil holder are also visible.","The edited image retains the same sink, faucet, draining board, purple utensil holder, person, and plate. The person is holding food over the plate; the plate and surrounding scene remain recognizable, though the food and hand positions differ as part of the edit.","The source-identified person, plate, setting, and salient unrelated scene content are preserved. The visible differences are localized around the hands and food, rather than replacing the scene or substantially altering unrelated content."
N25,preserve_source_scene,5,completed,complete,"The source shows an overhead view of a sink and draining board, with the person’s arms and hands near a plate containing food remnants. A green item is in the sink, and a purple utensil holder sits on the board.","The edited image retains the same sink, draining board, person, plate, green item, and purple utensil holder. The hands and food appear repositioned, and one hand is visible over the plate; the scene remains recognizably the same.","The source-identified person, plate, setting, and salient unrelated scene content are preserved. The visible differences are consistent with the requested hand-position change and incidental rendering variation, with no noticeable unrelated scene alteration."
N31,open_sandwich_maker,1,completed,absent,"A small white-and-green sandwich maker is visible on the counter at the left. Its white upper lid appears lowered over the green base, with no clear gap indicating that it is open.","The same white-and-green sandwich maker remains at the left. Its upper lid still appears lowered over the base, with no discernible raised lid or gap; the sandwich held in the foreground does not establish that the maker is open.",The target appliance is identifiable in both images and appears closed in the edited image. The sandwich’s presence in the foreground is not evidence that the sandwich maker was opened or that the sandwich was placed inside.
N31,open_sandwich_maker,2,completed,absent,"A white-and-green sandwich maker is visible on the left side of the counter. Its upper lid appears lowered over the base, with no clear gap showing it open.","The same white-and-green sandwich maker remains on the left. Its upper lid still appears lowered over the base; no raised lid or discernible gap is visible. A sandwich is held nearby, but it is not visibly inside the maker.","The target appliance is identifiable in both images and appears closed in the edited image, so the required visible open configuration is absent."
N31,open_sandwich_maker,3,completed,absent,"A small white-and-green sandwich maker is visible on the left side of the counter. Its white upper lid appears lowered over the base, with no clear gap indicating that it is open.","The same white-and-green sandwich maker remains on the left side of the counter. Its upper lid still appears lowered over the base, with no discernible raised lid or gap; the sandwich is held separately in front of the sink.","The target appliance is identifiable in both images and appears closed in EDITED. The sandwich being held nearby does not show that the sandwich maker was opened, so the visible configuration meets the absent criterion."
N31,open_sandwich_maker,4,interrupted_or_pending,,,,
N31,open_sandwich_maker,5,completed,absent,"A white-and-green sandwich maker is visible on the counter at the left. Its upper plate appears lowered over the base, with no clear gap.","The same white-and-green sandwich maker remains at the left and still appears closed; no raised lid or gap between its plates is visible. A sandwich is held nearby, but that does not show the maker is open.","The target appliance is identifiable in both images, and in EDITED its lid does not appear visibly raised relative to the lower plate. The requested open configuration is therefore absent."
N31,sandwich_inside_maker,1,completed,absent,A sandwich maker is visible on the counter with its lid closed. A hand holds a slice of bread nearby; no sandwich is visibly inside the appliance.,"The same sandwich maker remains on the counter with its lid closed. A hand holds a toasted sandwich beside it, and the sandwich is not visibly between the plates or entering the cooking area.","The edited image shows a recognizable sandwich, but it is held next to the closed sandwich maker rather than visibly placed inside or entering its cooking area. Proximity does not establish placement."
N31,sandwich_inside_maker,2,completed,absent,A sandwich maker is visible on the counter with its lid closed. A hand holds a slice of bread nearby; no sandwich is visibly inside the appliance.,"The same sandwich maker remains on the counter with its lid closed. A hand holds a toasted sandwich beside it, and the sandwich is not visibly between the plates or entering the cooking area.","The edited image shows a recognizable sandwich, but it is held next to the closed sandwich maker rather than visibly placed inside or entering its cooking area. Proximity does not establish placement."
N31,sandwich_inside_maker,3,completed,absent,"A green-and-white sandwich maker is visible on the counter, with its lid closed. A hand holds a slice of bread nearby; it is not inside the appliance.","The same sandwich maker remains on the counter with its lid closed. A hand holds a toasted sandwich beside it, and the sandwich is not visibly entering or inside the cooking area.","The edited image shows a recognizable sandwich, but it is held beside the closed sandwich maker rather than positioned between its plates. Proximity does not establish placement inside."
N31,sandwich_inside_maker,4,completed,absent,"A sandwich maker with a closed lid is visible on the left. A hand holds a slice of bread near the sink, separate from the appliance.",The sandwich maker remains closed on the left. A hand holds a toasted sandwich beside it; the sandwich is not visibly between the appliance's plates or entering its cooking area.,"The sandwich is adjacent to the closed sandwich maker, not visibly inside or entering its cooking area. Proximity and the apparent action do not establish placement."
N31,sandwich_inside_maker,5,completed,absent,"A sandwich maker is visible on the counter at left, with its lid closed. A hand holds a slice of bread near the sink; no sandwich is visible inside the appliance.",The same sandwich maker remains on the counter at left with its lid closed. A hand holds a recognizable toasted sandwich beside the appliance; it is not visibly between the plates or entering the cooking area.,"The sandwich is adjacent to the closed sandwich maker, not visibly placed in or entering its cooking area. Proximity alone does not establish placement inside."
N31,preserve_source_scene,1,completed,partial,"The source shows a kitchen counter with a sink, bottles and small items in the basin, a sandwich maker on the left, and a hand holding a slice of bread on the right. The sandwich maker appears closed.","The edited image retains the kitchen counter, sink, basin items, and sandwich maker in roughly the same arrangement. The sandwich maker remains closed, while the hand now holds a toasted sandwich; some details and proportions appear altered.","The recognizable source setting and most unrelated content remain, so the scene has not been replaced. However, there are noticeable unintended changes to the appearance and arrangement of visible content, particularly the hand-held food and sink details, beyond the requested opening and placement. Thus preservation is partial."
N31,preserve_source_scene,2,completed,partial,"The source shows a kitchen counter with a sink, bottles and small items in the basin, a sandwich maker on the left, and a hand holding a slice of bread on the right. The sandwich maker appears closed.","The edited image retains the kitchen counter, sink, basin items, and sandwich maker in roughly the same arrangement. The sandwich maker remains closed, while the hand now holds a toasted sandwich; some details and proportions appear altered.","The recognizable source setting and most unrelated content remain, so the scene has not been replaced. However, there are noticeable unintended changes to the appearance and arrangement of visible content, particularly the hand-held food and sink details, beyond the requested opening and placement. Thus preservation is partial."
N31,preserve_source_scene,3,completed,complete,"The source shows a kitchen counter with a sink and nearby items, a closed sandwich maker on the left, and a hand holding a slice of bread in front of it.","The edited image retains the same counter, sink, nearby items, and sandwich maker, while showing a hand holding a toasted sandwich. The sandwich maker appears closed; the scene is more distorted and reframed, but the main setting and unrelated visible content remain recognizable.","The recognizable source setting and unrelated content are largely preserved. The visible changes are localized to the sandwich-maker area and the food being held, consistent with the requested edit; there is no clear wholesale scene replacement or substantial unrelated change."
N31,preserve_source_scene,4,completed,partial,"The source shows a kitchen counter with a sink, bottles and small items in the basin, a sandwich maker on the left, and a hand holding a slice of bread on the right. The sandwich maker appears closed.","The edited image retains the recognizable counter, sink, basin items, and sandwich maker in roughly the same arrangement. The maker still appears closed, while the hand now holds a toasted sandwich; some details and proportions of the scene appear altered.","The original setting and principal scene remain recognizable, so the scene has not been replaced. However, there are noticeable unintended changes to visible content and appearance beyond the requested opening and placement, including the bread becoming a toasted sandwich and altered scene details. This is partial preservation rather than complete preservation."
N31,preserve_source_scene,5,completed,partial,"The source shows a kitchen counter with a sink and nearby items, a closed green-and-white sandwich maker on the left, and a hand holding a slice of bread on the right.","The edited image retains the recognizable counter, sink, and sandwich maker, but the bread and hand are shown as a large toasted sandwich in the foreground. The sink and nearby items are also visibly altered in appearance and arrangement, and the sandwich maker remains closed.","The original kitchen setting and some source content remain recognizable, so the scene has not been replaced wholesale. However, noticeable unrelated changes appear in the sink area and nearby objects, beyond the requested opening and sandwich placement. This is partial preservation rather than complete preservation."
N35,c1,1,completed,unknown,The source shows one yellow Nesquik canister to the left of a folded red-and-white striped towel. The towel’s right side is the side opposite the canister in the image.,"The edited image shows two similar yellow canisters, one on each side of the towel. The canister on the towel’s right is visibly positioned beside it, but the image does not establish which canister is the source-identified one.","The source target is the single yellow canister, but the edited image contains two similar canisters and does not provide clear visual evidence identifying which is the original. Although one canister is on the towel’s right side, its identity as the source canister cannot be reliably determined."
N35,c1,2,completed,unknown,"The source shows one yellow canister to the left of a red striped towel. Its visible packaging is too small to read clearly, but it is the yellow container identified by the condition as the Nesquik canister.","The edited image shows two similar yellow canisters, one on each side of the red striped towel. The canister on the towel’s right side is visibly beside it, but the image does not establish which of the two canisters is the source canister.","The source target is the single yellow canister left of the towel. In the edited image, two similar canisters make it unclear whether the source-identified canister was moved to the towel’s right side or whether the right-side canister is a different object. The requested placement therefore cannot be reliably judged."
N35,c1,3,completed,unknown,"The source shows one yellow canister with pale packaging to the left of a folded red-and-white striped towel. The towel is near the center, but the image does not establish which side is its right hand.","The edited image shows two similar yellow canisters, one on each side of the towel. Neither visibly rests on or touches the towel, and the source canister cannot be reliably distinguished from the other canister.","The source identifies a yellow canister, but the towel’s right-hand side is ambiguous from the available view. In the edited image, the duplicate canisters also make it unclear which one is the source-identified target. The requested placement therefore cannot be judged reliably."
N35,c1,4,completed,unknown,The source shows one yellow Nesquik canister to the left of a red striped towel. The towel’s right side is the side to the viewer’s right.,"The edited image shows the red towel in the center and two similar yellow canisters, one on each side. The canister on the towel’s right appears consistent with the source canister, but the image does not clearly establish which of the two is the original.","The source target is identifiable by its yellow packaging, but the edited image contains two similar yellow canisters and provides no clear visual basis to bind either one to the source canister. The right-side placement is visible for a yellow canister, but whether it is the requested source object cannot be determined."
N35,c1,5,completed,complete,The source shows one yellow Nesquik canister to the left of a folded red striped towel. The towel’s right side is the side opposite the canister.,"The edited image shows two similar yellow canisters, one on each side of the red towel. Neither is visibly resting on or touching the towel; the canister on the towel’s right side is positioned beside it.","The source-identified yellow canister appears to have been duplicated or repositioned, and a matching canister is clearly on the towel’s right-hand side. The right-side placement is visually clear even without contact, satisfying the stated criterion."
N35,c2,1,completed,partial,"The source shows a brown textured floor, a red-and-white striped towel near the center-right, and one yellow canister to the towel’s left.","The edited image retains the same brown floor and striped towel, but shows two yellow canisters, one on each side of the towel. The composition and object positions differ from the source beyond a single canister relocation.","The scene remains recognizable and the towel and background are preserved, but an extra canister is visible and the arrangement has changed beyond the requested placement. This is a partial preservation of the source scene."
N35,c2,2,completed,partial,"The source shows a brown textured floor, a red-and-white striped towel near the center-right, and one yellow canister to the towel’s left.","The edited image retains the same brown floor and striped towel, but shows two yellow canisters, one on each side of the towel. The composition and object positions differ from the source beyond a single canister relocation.","The scene remains recognizable and the towel and background are preserved, but an extra canister is visible and the arrangement has changed beyond the requested placement. This is a partial preservation of the source scene."
N35,c2,3,completed,partial,"The source shows a yellow canister to the left of a red-and-white striped towel on a brown speckled floor, with no other prominent objects.","The edited image retains the brown floor and striped towel near the center, but shows two yellow canisters, one on each side of the towel. The framing and object arrangement differ from the source, and the extra canister is not present there.","The scene remains recognizable, but unrelated content or composition has visibly changed: the edited image contains an additional canister and a rearranged layout beyond the requested placement. This is not a complete preservation of the source scene."
N35,c2,4,completed,partial,"The source shows a brown speckled floor, a red-and-white striped towel near the center-right, and one yellow canister to the towel’s left.","The edited image retains the brown floor and striped towel, but shows two yellow canisters, one on each side of the towel. The towel and objects are arranged differently in the frame, and the extra canister is not present in the source.","The scene remains recognizable, but unrelated content has visibly changed: an additional canister appears and the composition/object arrangement differs beyond the requested placement. This is not a complete preservation of the source scene."
N35,c2,5,completed,partial,The source shows a yellow canister to the left of a folded red-and-white striped towel on a brown floor. The surrounding floor and scene are otherwise visible.,"The edited image retains the brown floor and striped towel, but shows two yellow canisters, one on each side of the towel. The framing and object positions differ from the source, and the extra canister is not present in the source.","The same scene remains recognizable and the requested canister placement near the towel is represented, but the edited image also adds a second canister and changes the composition beyond the requested relocation. Thus unrelated content is visibly altered rather than substantially preserved."
N38,swap_positions,1,completed,absent,The SOURCE shows a small brown-and-cream shoe-like object near the upper center and a larger bright green rounded object near the lower center.,"In the EDITED image, the brown-and-cream object remains near the upper center, while the green object remains near the lower center, though its appearance and orientation have changed.","The two source objects are identifiable, but their positions have not been exchanged: the brown object is still above the green one, and the green object is still below it. The green object's changed appearance or orientation alone does not show a positional swap."
N38,swap_positions,2,completed,absent,The SOURCE shows a small brown-and-cream shoe-like object near the upper center and a larger bright green rounded object near the lower center.,"In the EDITED image, the brown-and-cream object remains near the upper center, while the green object remains near the lower center, though its visible orientation or surface appearance has changed.","The two source objects are identifiable in the EDITED image, but they have not exchanged positions: each remains approximately in its original upper or lower location. A change in the green object's appearance does not establish a positional swap."
N38,swap_positions,3,completed,absent,The SOURCE shows a small brown-and-cream shoe-like object near the upper center and a bright green rounded toy-like object below it near the center. These are the two distinct objects and their original positions.,"In the EDITED image, the brown-and-cream object remains near the upper center, while the green object remains below it near the center. The green object is turned so its plain back faces upward, but it has not moved to the brown object's original position; the brown object has not moved to the green object's original position.","The two source objects are identifiable in the EDITED image, but their positions are not exchanged. The green object's changed orientation is not evidence of a positional swap."
N38,swap_positions,4,completed,absent,The SOURCE shows a small brown-and-cream shoe-like object near the upper center and a larger bright green rounded object near the lower center.,"In the EDITED image, the brown-and-cream object remains near the upper center, while the green object remains near the lower center, though its appearance and orientation have changed.","The two source objects are identifiable, but their positions have not been exchanged: each remains approximately in its original upper or lower location. Changes in the green object's appearance do not establish a positional swap."
N38,swap_positions,5,completed,absent,The SOURCE shows a small brown-and-cream shoe-like object near the upper center and a bright green Android-shaped figure below it near the center.,"In the EDITED image, the brown-and-cream object remains near the upper center, while the green figure remains below it near the center, though its appearance and orientation have changed.","The two source objects are identifiable, but their positions have not been exchanged: the shoe-like object is still above the green figure, and neither appears to occupy the other's original location. Changes to the green figure's appearance do not establish a positional swap."
N38,preserve_source_scene,1,completed,complete,"The source shows a snowy scene with a green Android figure near the lower center and a shoe-like object above it; snow, shadows, and other background details fill the frame.","The edited image retains the same snowy setting, shadows, and overall arrangement. The green figure and shoe-like object appear altered in size or orientation, but the background and other scene content remain substantially consistent.","The scene remains recognizably the same, with no substantial unrelated replacement, removal, or movement of source content. The visible changes are localized to the two objects selected for the positional swap, so the scene-preservation condition is met."
N38,preserve_source_scene,2,completed,complete,"The source shows a snowy ground scene with a small brown object near the upper center and a bright green Android-shaped figure below it. Snow texture, shadows, and other background details fill the rest of the image.","The edited image retains the snowy scene and broadly similar shadows and background texture. The brown object and green figure are still present, though their appearance and orientation differ; no substantial background replacement or unrelated removal or movement is evident.","The overall scene remains recognizably the same snowy setting, with the two objects still visible and no substantial unrelated change to the source content. The condition concerns preserving the scene apart from the requested swap, and the visible background is largely retained."
N38,preserve_source_scene,3,completed,complete,The source shows a snowy ground scene with a green Android-shaped figure near the lower center and a small brown shoe-like object above it. Shadows and snow texture fill the background.,"The edited image retains the same snowy scene, with the green figure and brown object still present. Their appearance and orientation differ, but the snow, shadows, and other background details remain broadly consistent; no substantial unrelated content appears replaced or removed.","The condition concerns preserving the source scene apart from the requested swap. The edited image remains recognizably the same snowy scene, and there is no substantial unrelated replacement, removal, or movement of source content."
N38,preserve_source_scene,4,completed,complete,"The source shows an overhead snowy scene with a green Android figure near the lower center and a narrow brown-and-cream object above it. Snow texture, shadows, and other background details fill the frame.","The edited image retains the same snowy setting, shadows, and overall arrangement. The green figure and small brown object appear altered in orientation or appearance, but the background remains largely consistent; no substantial unrelated scene replacement or removal is visible.","The condition concerns preserving the source scene apart from the requested swap. The edited image remains recognizably the same snowy scene, with its background and other content substantially intact. Changes to the two prominent objects are within the requested edit, so the preservation criterion is complete."
N38,preserve_source_scene,5,completed,complete,"The source shows a snowy ground scene with a shoe near the upper center and a bright green Android figure below it, along with shadows and snow texture across the background.","The edited image retains the same snowy setting, shadows, and overall composition. The shoe and green figure are still near their original locations, though their appearance and orientation differ; the background remains largely unchanged.","The condition concerns preserving the source scene apart from the requested swap. The snowy background and other scene content remain recognizably the same, with no substantial unrelated replacement, removal, or movement. Changes to the two selected objects are excluded by the condition."
N42,patties_in_pan,1,completed,absent,"The source pan is the black ridged pan at the upper left. It contains several pale, rounded food pieces along its right side; these do not clearly look like patties. Sausages are in a separate red dish.","The same black ridged pan still contains pale rounded pieces along its right side, with no clearly recognizable patties visible in it. Sausages remain in the separate red dish.","The target pan is identifiable, but the edited image does not visibly show recognizable patty-shaped food inside it. The pale pieces appear to be pre-existing source food rather than a clear addition of patties, and the sausages are in another vessel."
N42,patties_in_pan,2,completed,complete,"The source pan is the black ridged pan at the left. It contains several pale, round-to-oval patty-like items along its right side; the sausages are in a separate red dish.","The same black ridged pan at the left still contains several pale, round-to-oval patty-like items along its right side. The sausages remain in the separate red dish.","The requested patties are visibly present within the source pan in the edited image. They were already present in the source, so this is not a newly added change, but the condition asks whether the edited image contains recognizable patties in that pan, which it does."
N42,patties_in_pan,3,completed,absent,"The source pan is the black ridged pan at the upper left. It contains several pale, rounded food pieces along its right side, but they do not clearly look like patties; the sausages are in a separate red dish.",The same black ridged pan still contains pale rounded pieces along its right side. No recognizable patty-shaped food is visibly in that pan; the sausages remain in the separate red dish.,"The target pan is identifiable, but the edited image does not show recognizable patties inside it. The pale pieces appear unchanged from the source and are not clearly patty-like, while food in the separate dish does not satisfy the condition."
N42,patties_in_pan,4,completed,partial,"The source pan is the black ridged pan at the upper left. It contains several pale, rounded food pieces along its right side; they look patty-like, though partly obscured by the pan edge. The sausages are in a separate red dish.","The same black ridged pan still contains pale, rounded food pieces along its right side. No clearly recognizable patties have been added to that pan; the sausages remain in the separate red dish.","The target pan is identifiable, and the edited image shows food within it that is plausibly patty-like but not clearly enough formed to confirm recognizable patties. This is ambiguous evidence in the target pan, so it meets the partial criterion rather than complete; the sausages in the other vessel do not count."
N42,patties_in_pan,5,completed,partial,"The source pan is the black ridged pan at the upper left. It contains several pale, rounded food pieces along its right side; they look patty-like, though partly obscured by the pan edge. The sausages are in a separate red dish.","The same black ridged pan still contains pale, rounded food pieces along its right side. No clearly recognizable patties have been added to that pan; the sausages remain in the separate red dish.","The target pan is identifiable, and the edited image shows food within it that is plausibly patty-like but not clearly enough formed to confirm recognizable patties. This is ambiguous evidence in the target pan, so it meets the partial criterion rather than complete; the sausages in the other vessel do not count."
N42,preserve_source_scene,1,completed,complete,"The source shows an outdoor grilling setup: an open grill with several pale round patties on the ridged pan, a red dish holding sausages partly covered by foil, toasted bread at right, and surrounding grill items.","The edited image retains the same grilling setup and composition, including the grill, red sausage dish and foil, toasted bread, and surrounding objects. The patties remain visible on the ridged pan.","The scene remains recognizably the same, with the source pan and surrounding scene retained and no substantial unrelated changes. The requested patties are visible, and the preservation criterion is satisfied."
N42,preserve_source_scene,2,completed,complete,"The source shows an outdoor grilling setup: an open grill with several pale round patties on the ridged pan, a red dish holding sausages partly covered by foil, toasted bread at right, and surrounding grill items.","The edited image retains the same grilling setup and composition, including the grill, red sausage dish and foil, toasted bread, and surrounding objects. The patties remain visible on the ridged pan.","The scene remains recognizably the same, with the source pan and surrounding scene retained and no substantial unrelated changes. The requested patties are visible, and the preservation criterion is satisfied."
N42,preserve_source_scene,3,completed,complete,"The source shows an outdoor cooking setup: a black ridged pan at left with several pale round patties, a red oval dish holding browned sausages under foil, toasted bread at right, and surrounding equipment and background.","The edited image retains the same cooking setup, pans, sausages, foil, bread, and surrounding scene. The pale round patties remain in the black pan; no substantial unrelated scene content appears replaced or removed.","The condition is about preserving the source scene while adding patties. The edited image remains recognizably the same scene with its main objects and composition retained. Patties were already visible in the source, so their presence is not evidence of a new addition, but the scene-preservation criterion is satisfied."
N42,preserve_source_scene,4,completed,complete,"The scene shows a cooking setup with a black ridged pan at left holding several pale round pieces, a red oval dish with sausages under foil, toasted bread at right, and surrounding equipment and objects.","The same cooking setup and surrounding objects remain recognizable. The black ridged pan still contains pale round pieces, while the red dish still holds sausages beneath foil; no clear patties have been added to the pan.","The evaluated condition is preservation of the source scene while adding patties. The edited image retains the same setting, composition, pans, food, foil, bread, and nearby objects, with no substantial unintended scene change. The requested addition is not evident, but that does not violate this scene-preservation condition."
N42,preserve_source_scene,5,completed,complete,"The source shows an outdoor cooking setup: a black ridged pan with several pale patties, a red oval dish holding sausages partly covered by foil, toasted bread on the right, and surrounding grill equipment and objects.","The edited image retains the same cooking setup and composition, including the black pan with pale patties, the sausage dish and foil, toasted bread, and surrounding equipment. The patties are visible in the pan.","The source scene remains recognizably intact in the edited image, with no substantial unrelated changes or scene replacement. The requested patties are present, and the scene-preservation criterion is met."
N43,banana_shaped_candles,1,completed,absent,A multi-armed candle holder sits on top of the dresser; no banana-shaped candles are visible in the source.,"Several lit candle-like objects appear on the dresser near the holder. They have upright, mostly straight forms rather than recognizable banana-like curves.","The edited image shows candle-like objects, but their visible shapes are not recognizably banana-shaped, so the requested condition is absent."
N43,banana_shaped_candles,2,completed,absent,A multi-armed candle holder sits on top of the dresser; no banana-shaped candles are visible in the source.,"Several lit candle-like objects appear on the dresser near the holder. They have upright, mostly straight forms rather than recognizable banana-like curves.","The edited image shows candle-like objects, but their visible shapes are not recognizably banana-shaped, so the requested form is absent."
N43,banana_shaped_candles,3,completed,absent,A small multi-arm candle holder sits on top of the dresser in the background; no banana-shaped candles are visible there.,"Several lit candle-like objects appear on the dresser near the holder. They have mostly upright, narrow forms rather than clearly recognizable banana-like curves.","The added objects appear to be candles, but their visible shapes are not recognizably banana-shaped. The requested condition is therefore not met."
N43,banana_shaped_candles,4,completed,absent,A multi-armed candle holder sits on the dresser; no banana-shaped candles are visible in it.,"Several small candle-like objects have been added around the holder. Their visible forms are mostly upright and straight, with no recognizable banana-like curvature.","The added objects appear candle-like, but their visible shapes do not meet the banana-shaped criterion. The requested change is therefore absent."
N43,banana_shaped_candles,5,transport_error,,,,
N43,placement_in_candle_holder,1,completed,partial,A small multi-arm candle holder sits on the dresser; it has several short arms with candle cups and no visible banana-shaped candles.,"The same holder is on the dresser. Several bright, upright banana-shaped candles appear positioned in its cups, while some of the holder’s arms remain without visible candles.","The edited image shows banana-shaped candles visibly placed in or supported by the SOURCE holder, but the arrangement only partly occupies the holder: some visible arms remain empty."
N43,placement_in_candle_holder,2,completed,partial,A small multi-arm candle holder sits on the dresser; it has several short arms with candle cups and no visible banana-shaped candles.,"The same holder is on the dresser. Several bright, upright banana-shaped candles appear positioned in its cups, while some of the holder’s arms remain without visible candles.","The edited image shows banana-shaped candles visibly placed in or supported by the SOURCE holder, but the arrangement only partly occupies the holder: some visible arms remain empty."
N43,placement_in_candle_holder,3,completed,absent,"A multi-arm candle holder sits on the dresser in the background, with several small candle-like objects on its arms; none is visibly banana-shaped.","The same holder is visible on the dresser. Several bright, upright candle-like objects have been added around it, but they appear on the dresser surface in front of or beside the holder rather than visibly seated in or supported by its arms. Their banana shape is also unclear.","The SOURCE holder is identifiable, but the EDITED image does not visibly establish banana-shaped candles placed in or supported by that holder. The apparent candles are positioned at the dresser surface, so the requested placement is not evidenced."
N43,placement_in_candle_holder,4,completed,absent,"A dark multi-arm candle holder sits on the dresser in the background, with no banana-shaped candles visibly placed in it.","Several bright, banana-shaped candle-like objects appear on the dresser near the holder, but they are positioned on separate small bases and do not visibly occupy or attach to the source candle holder.","The source holder is identifiable as the dark multi-arm fixture on the dresser. In the edited image, the banana-shaped objects appear beside or in front of it on separate bases rather than visibly supported by that holder, so the requested placement is not established."
N43,placement_in_candle_holder,5,transport_error,,,,
N43,preserve_source_scene,1,completed,complete,"The source shows a bedroom scene with a patterned bedspread in the foreground, a dresser and small framed item against the back wall, a candle holder on the dresser, and a dark doorway or cabinet area at right.","The edited image retains the same bedroom, patterned bedspread, dresser, framed item, and background. The candle holder now has several bright, yellow candle-like objects placed in it; other scene details appear largely unchanged.","The overall scene remains recognizably the same, with the candle holder and surrounding room retained. The visible changes are consistent with adding candles, and there are no clear unrelated removals or alterations substantial enough to affect scene preservation."
N43,preserve_source_scene,2,completed,partial,"The source shows a bedroom scene with a patterned bedspread in the foreground, a dresser and small objects against the back wall, a candle holder on the dresser, and a dark doorway or cabinet area at right.","The edited image retains the same bedroom, patterned bedspread, dresser, and background. The candle holder now has several lit, yellow candle-like objects; the dresser-top objects and their arrangement appear somewhat changed, with some original items no longer visible.","The scene remains recognizably the same, and the requested candles are an allowed change. However, there are noticeable unrelated changes to objects on the dresser, including apparent removal or alteration of some source items, so preservation is not complete."
N43,preserve_source_scene,3,completed,partial,"The scene shows a bed with a patterned burgundy blanket in the foreground, a dresser and small objects against the back wall, and a dark doorway or room at right. A candle holder sits on the dresser.","The bed, patterned blanket, dresser, wall, and dark area at right remain recognizable. Several bright, banana-shaped candles appear in the candle holder; the dresser-top objects and holder arrangement are somewhat altered or obscured around them.","The same bedroom scene is clearly retained, but there are noticeable changes to the dresser-top objects and candle-holder area beyond simply adding candles. The scene is not replaced, so this is partial preservation."
N43,preserve_source_scene,4,completed,complete,"The scene shows a bedroom with a patterned bedspread in the foreground, a white dresser against the back wall, a small framed item on the dresser, and a dark doorway or cabinet area on the right. A multi-arm candle holder sits on the dresser.","The bedroom, patterned bedspread, dresser, framed item, and right-side dark area remain recognizable. The candle holder is still on the dresser, with several bright yellow candle-like objects added; the overall scene is otherwise largely retained.","The edited image preserves the recognizable source scene and its surrounding objects. The visible differences are consistent with adding candles to the existing holder, with no substantial unrelated scene replacement or removal."
N43,preserve_source_scene,5,completed,complete,"The source shows a bedroom scene with a patterned bedspread in the foreground, a dresser and small objects against the back wall, a chandelier-like candle holder on the dresser, and a doorway or dark area at right.","The edited image retains the same bedroom, patterned bedspread, dresser, wall, and right-side doorway. The candle holder area has been altered to show several lit candles, while the surrounding scene remains largely intact.","The edited image is recognizably the same scene, with the candle holder and surrounding room retained. The visible changes are concentrated around the requested candle addition, with no substantial unrelated scene replacement or removal."
N46,helmet_on_source_woman,1,completed,complete,"The SOURCE shows a woman seated on a motorcycle, with her head and hair clearly visible and no helmet on her head.",The same woman is seated on the motorcycle wearing a dark helmet on her head. She is also holding a separate helmet beside her.,"The SOURCE woman is identifiable in the EDITED image, and a helmet is visibly worn as headwear on her head. The separate helmet she holds is not needed to establish the condition."
N46,helmet_on_source_woman,2,completed,complete,"The source shows a woman seated on a motorcycle, with her head and hair visible and no helmet on her head.",The same woman is seated on the motorcycle wearing a dark helmet positioned on her head. She also holds a separate helmet near her lap.,"The source woman is identifiable in the edited image, and a helmet is visibly worn as headwear on her head. The separate helmet she holds is not needed to establish the condition."
N46,helmet_on_source_woman,3,completed,complete,"The SOURCE shows a woman seated on a motorcycle, with her head and hair visible and no helmet on her head.",The EDITED image shows the same woman seated on the motorcycle wearing a dark helmet positioned on her head. She also holds a separate silver helmet beside her.,"The source woman is identifiable by her position on the motorcycle. In the edited image, a helmet is visibly worn as headwear on that same woman's head, satisfying the complete criterion; the additional helmet she holds is not needed for this judgment."
N46,helmet_on_source_woman,4,completed,complete,"The source shows a woman seated sideways on a motorcycle, with her head and hair clearly visible and no helmet on her head.",The same woman is seated on the motorcycle wearing a dark helmet on her head. She also holds a separate helmet near her lap.,"The source woman is identifiable in the edited image, and a recognizable helmet is visibly positioned as headwear on her head. The separate helmet she holds is not needed to establish the condition."
N46,helmet_on_source_woman,5,completed,complete,"The source shows a woman seated sideways on a motorcycle, with her head and hair clearly visible and no helmet on her head.",The same woman is seated on the motorcycle wearing a dark helmet on her head. She also holds a separate helmet near her lap.,"The source woman is identifiable in the edited image, and a recognizable helmet is visibly worn as headwear on her head. The separate helmet she holds is not needed to establish the condition."
N46,preserve_source_scene,1,completed,partial,"The source is a black-and-white street scene with a woman reclining across a motorcycle, in front of a brick building with doorways and windows.","The edited image retains the motorcycle and recognizable brick-building street setting, but the woman is now seated upright in different clothing and pose, holding a helmet, and the image is colorized/cropped differently.","The scene is still recognizably the same motorcycle-and-brick-building setting, so it is not replaced. However, substantial unintended changes to the woman’s pose, clothing, and placement, along with the altered presentation, go beyond the localized helmet addition; this meets the partial criterion."
N46,preserve_source_scene,2,completed,partial,"The source is a black-and-white street scene with a woman reclining across a motorcycle, in front of a brick building with doorways and windows.","The edited image retains the motorcycle and recognizable brick-building street setting, but the woman is now seated upright in different clothing and pose, holding a helmet, and the image is colorized/cropped differently.","The scene is still recognizably the same motorcycle-and-brick-building setting, so it is not replaced. However, substantial unintended changes to the woman’s pose, clothing, and placement, along with the altered presentation, go beyond the localized helmet addition; this meets the partial criterion."
N46,preserve_source_scene,3,completed,partial,"The source is a black-and-white street scene with a woman reclining across a motorcycle, in front of a brick building and doorway. The motorcycle fills much of the foreground.","The edited image shows a woman wearing a helmet beside or seated on a motorcycle, with a brick building and doorway behind her. The motorcycle and general street setting remain, but the woman’s pose and appearance differ noticeably from the reclining woman in the source; the image is also colorized.","The setting and salient motorcycle/building scene remain recognizable, so this is not a scene replacement. However, beyond adding a helmet, the woman’s pose and appearance have changed noticeably, making preservation incomplete."
N46,preserve_source_scene,4,completed,partial,"The source is a black-and-white scene of a woman reclining across a motorcycle, with a brick building and doorway behind her. The motorcycle fills much of the foreground.","The edited image shows a woman seated on a motorcycle in front of a similar brick building and doorway. The motorcycle and general setting remain, but the woman’s pose, clothing, and appearance differ noticeably from the reclining source figure.","The scene is still recognizably the same motorcycle-and-brick-building setting, so it has not been wholly replaced. However, beyond the localized helmet addition, the woman’s pose and appearance have changed substantially, making this an unintended change to salient source content."
N46,preserve_source_scene,5,completed,partial,The source is a black-and-white street scene with a woman seated on a motorcycle in front of a brick building; the motorcycle and building fill much of the composition.,"The edited image retains the motorcycle and brick-building street setting, but the woman’s pose and appearance are substantially different: she is upright and seated on the motorcycle rather than reclining across it, and the image is colorized. She wears a helmet.","The same setting and salient motorcycle remain recognizable, so the scene is not replaced. However, the woman’s pose and presentation have changed noticeably beyond the localized helmet addition, making preservation partial."
N48,giraffe_added,1,completed,complete,"The field contains several horses, with no recognizable giraffe visible.","A recognizable giraffe with a long patterned neck and four legs is visible near the center of the field, beside the water channel.","The edited image visibly adds at least one identifiable giraffe, and its placement on the grassy field provides evidence that it is in the requested location."
N48,giraffe_added,2,completed,complete,The source shows a grassy field with several horses; no giraffe is visible.,"The edited image shows a recognizable giraffe standing in the grassy field near the center, beside the water channel.","The edited image visibly contains a recognizable giraffe, and its placement among the field’s grass shows that it is in the target field. The horses in the source are different animals and do not count as a pre-existing giraffe."
N48,giraffe_added,3,completed,complete,The source shows a grassy field with several horses; no giraffe is visible.,"The edited image shows a recognizable giraffe standing in the grassy field near the center, beside the water channel.","The edited image visibly contains a recognizable giraffe, and its placement on the field is clear. This satisfies the requirement to add at least one giraffe in the field."
N48,giraffe_added,4,completed,complete,The source shows a grassy field with several horses; no giraffe is visible.,"The edited image shows a recognizable giraffe standing in the grassy field near the center, beside the water channel.","At least one clearly identifiable giraffe is visibly placed within the field in the edited image, satisfying the requested change."
N48,giraffe_added,5,completed,complete,The source shows a grassy field with several horses; no giraffe is visible.,"The edited image shows a recognizable giraffe standing in the grassy field near the center, beside the water channel.","The edited image visibly contains a recognizable giraffe, and its placement on the field satisfies the requested location. The horses were already present in the source and are not counted as the requested animal."
N48,source_scene_preserved,1,completed,complete,"SOURCE shows a grassy field with several horses, a long open-sided shelter in the background, trees and a low horizon, plus a narrow water channel and posts in the foreground.","EDITED still shows the same field scene: the horses, shelter, trees, grassy ground, water channel and foreground posts remain recognizable, though their framing and apparent scale differ. A giraffe has been added in the field.",The edited image retains the recognizable source setting and its substantial existing scene content. The giraffe appears as an addition rather than a replacement of the field scene.
N48,source_scene_preserved,2,completed,complete,"SOURCE shows a grassy field with several horses, a long open-sided shelter in the background, trees and a low horizon, plus a narrow water channel and posts in the foreground.","EDITED retains the same field scene: the horses, shelter, trees, horizon, water channel and foreground posts remain recognizable, though their scale and framing differ. A giraffe has been added in the field.","The edited image remains recognizably the same field and surrounding scene, with its existing content substantially retained. The giraffe appears as an addition rather than a replacement of the scene."
N48,source_scene_preserved,3,completed,complete,"SOURCE shows a grassy horse field with several horses, a long white-roofed shelter, distant trees and fencing, and a diagonal water channel and posts in the foreground.","EDITED still shows the same horse field, shelter, horses, trees and fencing, and foreground water channel with posts, though the framing and relative scale differ. A giraffe has been added in the field.",The edited image retains the recognizable source setting and its main scene content; the giraffe appears as an addition rather than a replacement of the field scene.
N48,source_scene_preserved,4,completed,complete,"SOURCE shows a grassy field with several horses, a long roofed structure in the background, trees and fencing, and a narrow water channel with posts in the foreground.","EDITED retains the same recognizable field scene: horses, the roofed structure, trees, fencing, and foreground water channel with posts remain visible. A giraffe has been added in the field; the scene is framed somewhat differently and appears smaller, but its main setting and content are retained.","The edited image remains recognizably the same field scene, with its existing setting and substantial scene content preserved. The giraffe is an addition rather than a replacement of the scene."
N48,source_scene_preserved,5,completed,complete,"SOURCE shows a grassy horse field with several horses, a long open-sided shelter, distant trees and fencing, and a paved path with posts in the foreground.","EDITED retains the same recognizable horse field, shelter, horses, distant trees and fencing, and foreground path and posts, though the framing and scale differ. A giraffe has been added in the field.",The edited image preserves the recognizable source setting and its substantial existing scene content; the giraffe is an addition rather than a replacement.
N50,tipping_sign,1,completed,absent,"The source shows a decorative freestanding sign spelling “I ♥ MEUS” upright on the table, with its letters standing vertically on a horizontal base.","The edited image shows the same decorative sign still upright on its base, with the letters vertical and no visible tipping. The image also includes a separate side-by-side view of green letter tiles, but these do not show the source sign tipped over.",The source sign is identifiable and remains upright in the edited view; there is no recognizable change in its orientation or position indicating it was tipped. The separate green tiles are not the source sign.
N50,tipping_sign,2,completed,absent,"The source shows a decorative freestanding sign spelling “I ♥ MEUS” upright on the table, with its letters standing vertically on a horizontal base.","The edited image shows the same decorative sign still upright on its base, with the letters vertical and no visible tipping. The image also includes a separate side-by-side view of green letter tiles, but these do not show the source sign tipped over.",The source sign is identifiable and remains upright in the edited view; there is no recognizable change in its orientation or position indicating it was tipped. The separate green tiles are not the source sign.
N50,tipping_sign,3,completed,absent,"The source shows a decorative freestanding sign spelling “I ♥ M E J S” on the table, standing upright on its base.","The edited image shows the same decorative sign still standing upright on its base, with no visible tilt or change in orientation. Other sign-like panels appear to the right, but they are not the source sign.",The source sign remains upright and unchanged in the edited image; no tipping of that target is visible.
N50,tipping_sign,4,completed,absent,"The SOURCE shows a decorative sign spelling “I ♥ ME US” standing upright on the table, with its letters mounted along a horizontal base.","In the EDITED image, the same decorative sign remains upright on its horizontal base; its lettering appears changed, but it is not visibly tipped.",The source sign is identifiable in the edited image and remains upright. A different appearance of the lettering does not show the source sign being tipped over.
N50,tipping_sign,5,completed,absent,"The source shows a decorative freestanding sign spelling “I ♥ M…,” standing upright on a horizontal base on the table.","The edited image shows the same decorative sign still upright on its base, with its letters and heart in the same upright arrangement; no tipping is visible.",The source sign remains upright in the edited image rather than being tilted or tipped over. The other green letter-shaped objects on the right do not show that the source sign was tipped.
N50,preserve_source_scene,1,completed,partial,"The source shows a wooden tabletop with a decorative “I ♥ M…S” sign in the foreground, with a purple chair and sofa behind it.","The edited image is a side-by-side composition: the left panel retains the original tabletop scene and sign, while the right panel shows a different set of green letter tiles on the table. The original scene is still recognizable, but the added panel changes and obscures part of the presentation.","The source scene remains identifiable in the edited image, so it is not a wholesale scene replacement. However, the edited image adds a substantial second panel with different content rather than making only a localized change to the sign; some surrounding source content is consequently altered or obscured."
N50,preserve_source_scene,2,completed,partial,"The source shows a wooden tabletop with a decorative “I ♥ M…US” sign in the foreground, a purple chair behind it, and a dark sofa at the upper right.","The edited image is a side-by-side composition: the left panel retains the source sign and room, while the right panel shows three separate green letter-like signs on the same tabletop with the chair and sofa behind them.","The source setting remains recognizable in the edited image, and the original sign is still visible in the left panel. However, the edited image adds a second panel with different sign content, so surrounding source content is altered beyond what is needed to show the sign tipped over. The sign is not visibly tipped over in the retained source panel."
N50,preserve_source_scene,3,completed,partial,"The source shows a wooden tabletop with a decorative “I ♥ MEUS” sign in the foreground, with a purple chair and other furniture behind it.","The edited image retains the same tabletop, purple chair, and surrounding furniture, but the foreground sign has been replaced by three green letter-like signs, with some tilted at angles.","The setting and much of the surrounding source content remain recognizable, but the original decorative sign and its lettering are replaced rather than simply tipped over. This is more than a localized change to the source sign, while the scene itself is still recognizable."
N50,preserve_source_scene,4,completed,partial,"The source shows a wooden tabletop with a decorative “I ♥ MEUS” sign in the foreground, a purple chair behind it, and a small strip of a colorful item at the left edge.","The edited image is a side-by-side composition: the left panel retains the tabletop, chair, and original decorative sign, while the right panel shows three green letter-like signs on the table. The original scene remains recognizable, but the added panel and signs alter the surrounding content; the original sign is not visibly tipped over.","The source setting and identifiable content are still visible, so this is not a wholesale scene replacement. However, the edited image adds a substantial second panel with unrelated signs, altering the scene beyond a localized sign change. The original sign remains upright in the retained panel."
N50,preserve_source_scene,5,completed,partial,"The source shows a wooden tabletop with a decorative “I ♥ MEUS” sign in the foreground, a purple chair behind it, and a small strip of a colorful item at the left edge.","The edited image is a side-by-side composition: the left panel retains the tabletop, chair, and original decorative sign, while the right panel shows three green letter-like signs on the table. The original scene remains recognizable, but the added panel and signs alter the surrounding content; the original sign is not visibly tipped over.","The source setting and identifiable content are still visible, so this is not a wholesale scene replacement. However, the edited image adds a substantial second panel with unrelated signs, altering the scene beyond a localized sign change. The original sign remains upright in the retained panel."
N54,egg_added,1,completed,complete,The source shows an empty bowl on a tabletop; no egg is visible.,"The edited image shows a cooked egg-like item resting inside the bowl, with a bright yolk and browned edges. A spoon is also in the bowl.","The same bowl identified in the source visibly contains a recognizable egg in the edited image, satisfying the placement criterion. The egg is inside the bowl, not merely nearby."
N54,egg_added,2,completed,complete,"A large, empty bowl with a dark rim sits on the tabletop; no egg is visible in it.","The same bowl contains a visible fried egg near its bottom, with the yolk and white inside the bowl. A hand is also visible at the bowl’s left side.","The edited image visibly shows an egg inside the bowl, satisfying the placement criterion. The egg is not merely nearby or at the rim."
N54,egg_added,3,completed,complete,SOURCE shows a large empty bowl on the tabletop; no egg is visible in it.,EDITED shows the same bowl containing a cooked egg with a visible yolk and white. A spoon and a hand are also visible near the bowl.,"The recognizable egg is visibly inside the SOURCE bowl in EDITED, satisfying the requested placement."
N54,egg_added,4,completed,complete,A large empty bowl with a dark rim sits on the tabletop; no egg is visible in it.,"The bowl contains a cooked, fried egg with a visible yolk, positioned inside the bowl. A hand or utensil is also visible near the bowl’s left rim.","The same bowl identifiable in the source visibly contains an egg in the edited image, satisfying the placement criterion. The egg appears cooked rather than raw, but it is recognizable and clearly inside the bowl."
N54,egg_added,5,completed,complete,"A large, empty bowl with a dark rim sits on the tabletop.",The same bowl contains a visible fried egg with a bright yolk and browned white; it is positioned inside the bowl.,"The egg is visibly inside the SOURCE bowl in the edited image, satisfying the requested placement."
N54,scene_preservation,1,completed,partial,"A large empty, dark-rimmed bowl sits on a tan tabletop. The tabletop extends toward the back, with a white wall on the right and dark vertical background elements and colorful items at the far left.","A similar dark-rimmed bowl is on a tabletop with a white wall to the right and dark vertical elements and colorful items at the left. The bowl contains an egg-like item, while a large pink object intrudes into the foreground; the tabletop and framing also appear changed from the source.","The bowl and several surrounding scene features remain recognizable, so this is not a scene replacement. However, the tabletop appearance and camera framing differ, and the prominent foreground object is additional or obscures part of the scene beyond the requested egg addition. The scene is therefore preserved only partially."
N54,scene_preservation,2,completed,partial,"SOURCE shows an empty, wide ceramic bowl with a dark rim on a tan tabletop, with a white wall to the right and dark vertical background elements behind it.","EDITED still shows a ceramic bowl on a tabletop with the white wall and dark vertical background elements, and now contains an egg. The bowl and scene are viewed from a different angle; a hand or utensil-like object is also visible beside the bowl.","The same bowl and surrounding setting remain recognizable, and the egg addition is present. However, salient scene details have changed beyond the requested addition: the tabletop appears gray-green rather than tan, the viewpoint is substantially different, and an additional foreground object is visible."
N54,scene_preservation,3,completed,partial,"A large empty bowl sits on a tan tabletop or counter. A white wall is on the right, with dark vertical background elements and a small cluster of items visible at the far left.","A bowl containing an egg is shown on a counter, with a white wall to the right and dark vertical background elements and items at the far left. The bowl is much closer and lower in the frame, and a hand or utensil-like object is visible beside it.","The edited image retains the recognizable bowl and some surrounding setting, so the scene is not replaced. However, the viewpoint and framing differ substantially, and salient source details such as the tabletop’s visible shape and arrangement are altered or obscured beyond the egg addition. This supports partial preservation."
N54,scene_preservation,4,completed,partial,"SOURCE shows a large empty, dark-rimmed bowl on a tan tabletop, with a white wall to the right and dark vertical background elements and colorful items at the far left.","EDITED shows a similar dark-rimmed bowl on a tabletop, now containing an egg-like item and a pink utensil or object. The bowl and surrounding scene are still recognizable, but the tabletop appears gray-green rather than tan, the framing and bowl position differ substantially, and a prominent pink object is visible in the bowl.","The same bowl and recognizable surrounding setting remain, and the egg addition is consistent with the instruction. However, some salient scene details have changed or are obscured beyond the addition: the tabletop appearance and framing differ, and the pink object in the bowl was not present in SOURCE. The scene is not replaced, so this is partial rather than absent."
N54,scene_preservation,5,completed,partial,"SOURCE shows a large black-rimmed white bowl on a tan tabletop, with a white wall to the right and dark vertical background elements and colorful items at the far left. The bowl is empty.","EDITED retains a similar black-rimmed white bowl and nearby tabletop, wall, and left-side background elements, but the view is reframed and the bowl contains an egg. The tabletop appears gray-green rather than tan, and a large pink object intrudes into the bowl area.","The scene remains recognizable from the bowl and surrounding setting, and the egg addition is visible. However, the tabletop appearance and framing differ substantially, and the pink object obscures part of the bowl and alters salient scene content beyond what is needed to add the egg."
N57,cap_identity,1,completed,absent,"A red Houston Rockets baseball cap with a curved brim and light-colored trim lies in the foreground, below and to the right of a small orange candle.","The edited image shows several lit candles on a wooden surface. The red cap is not visible, and no object can be identified as the source cap.","The source cap is clearly identifiable, but it is missing from the edited image; the candles and wooden surface do not appear to be the cap moved to a new position."
N57,cap_identity,2,completed,absent,"A red Houston Rockets baseball cap with a curved brim and light-colored trim lies in the foreground, below and to the right of a small orange candle.","The edited image shows several lit candles on a wooden surface. The red cap is not visible, and no object can be identified as the source cap.","The source cap is clearly identifiable, but it is missing from the edited image; the candles and wooden surface do not appear to be the cap moved to a new position."
N57,cap_identity,3,completed,absent,"The SOURCE shows a red Houston Rockets baseball cap in the foreground, below and to the right of a single orange candle.",The EDITED image shows several lit candles on a wooden surface; no red baseball cap or recognizable portion of it is visible.,"The SOURCE cap is clearly identifiable, but it is not visible in the EDITED image at a new position to the right of the candle. The candles in the EDITED image are different objects and do not indicate that the SOURCE cap was moved."
N57,cap_identity,4,completed,absent,"The SOURCE shows a red Houston Rockets baseball cap in the foreground, below and to the right of a small orange candle jar.","The EDITED image shows several lit candles on a wooden surface, but no recognizable red baseball cap is visible.","The SOURCE cap is clearly identifiable, but it is missing from the EDITED image; no moved depiction of that cap appears to the right of the candle. The other objects in the edited scene do not establish that the SOURCE cap was moved."
N57,cap_identity,5,completed,absent,"The SOURCE shows a red Houston Rockets baseball cap in the foreground, below and to the right of a small orange candle in a glass container.","The EDITED image shows several lit candles on a wooden surface, but no visible red baseball cap or recognizable portion of it.","The SOURCE cap is clearly identifiable, but it is not visible in the EDITED image at a new position to the right of the candle. The edited scene contains candles and wood, not the moved SOURCE cap."
N57,cap_position,1,completed,unknown,"The SOURCE cap is a red Houston Rockets baseball cap in the foreground, below and to the right of the orange candle jar; the cap is visibly to the candle's right.","The EDITED image shows several lit candles on a wooden surface, but no red cap is visible. The SOURCE cap cannot be matched to an object in this image.","The SOURCE cap is identifiable, but it is absent from the EDITED image, so its position relative to the candle cannot be determined. The visible candles do not establish that the cap was moved to the candle's right."
N57,cap_position,2,completed,unknown,"The SOURCE cap is a red Houston Rockets cap in the foreground, below and to the right of the orange candle jar; the cap is visibly to the candle's right.","The EDITED image shows several lit candles on a wooden surface, but no red cap is visible.","The SOURCE cap is identifiable, but it has no visible counterpart in the EDITED image, so its position relative to the candle cannot be assessed. The edited candles do not establish where the source cap went."
N57,cap_position,3,completed,unknown,"The SOURCE shows a red Houston Rockets cap in the foreground, below and to the right of a small orange candle near the back of the table.","The EDITED image shows several lit candles on a wooden surface, but no red cap matching the SOURCE cap is visible.","The SOURCE cap can be identified, but it is absent from the EDITED image, so its position relative to the candle cannot be compared. The visible candles do not establish where the original cap went."
N57,cap_position,4,completed,unknown,"The SOURCE cap is a large red Houston Rockets baseball cap in the foreground, below and to the right of a small orange candle jar. The cap is visibly to the candle's right in the source.","The EDITED image shows several lit candles on a wooden surface, but no red baseball cap matching the SOURCE cap is visible. The SOURCE candle jar also cannot be confidently matched among the different candles.","The target cap is not visible in the EDITED image, so its position relative to the SOURCE candle cannot be assessed. The visible candles do not establish that the cap was moved to the candle's right."
N57,cap_position,5,completed,unknown,"The SOURCE shows a red Houston Rockets cap in the foreground, below and to the right of a single orange candle jar near the upper center.","The EDITED image shows several lit candles, but no visible red cap matching the SOURCE cap. The SOURCE candle jar also cannot be confidently matched to a candle in this different scene.","The cap’s counterpart is not visible in the EDITED image, so its position relative to the SOURCE candle cannot be assessed. The changed scene does not establish that the cap was moved to the candle’s right."
N57,scene_preservation,1,completed,absent,"The source shows a red Houston Rockets cap on a dark tabletop, with a small orange candle behind it and a plain light wall in the background.","The edited image shows several lit candles on a wooden surface in a warm, blurred setting. The red cap, original tabletop, and plain wall are not visible.","The edited image depicts a substantially different scene rather than preserving the recognizable source setting and its principal contents. The candle and background from the source are replaced, and the cap is absent; this is a scene replacement, not merely the requested cap relocation."
N57,scene_preservation,2,completed,absent,"The source shows a red Houston Rockets cap on a dark tabletop, with a small orange candle behind it and a plain light wall in the background.","The edited image shows several lit candles on a wooden surface in a different warm-toned setting. The red cap, original tabletop, and plain wall are not visible.","The edited image replaces the recognizable source scene with a substantially different candle scene, removing the cap and changing the background and other principal contents. This does not preserve the source scene apart from the requested cap relocation."
N57,scene_preservation,3,completed,absent,"The source shows a red Houston Rockets cap on a dark tabletop, with a small orange candle behind it and a plain light wall above the table.",The edited image shows several lit candles on a wooden surface in a different-looking setting; the red cap and the original tabletop-and-wall scene are not visible.,"The edited image replaces the recognizable source scene and removes its principal contents, including the cap, the single orange candle, and the dark tabletop against the light wall. This is a substantial scene replacement, not preservation apart from the requested cap relocation."
N57,scene_preservation,4,completed,absent,"The SOURCE shows a red Houston Rockets cap on a black tabletop, with a small orange candle behind it and a plain light wall above the table.",The EDITED image shows several lit candles on a wooden surface against a warm-toned background; the red cap and the original tabletop-and-wall scene are not visible.,"The EDITED image depicts a substantially different setting and subject rather than preserving the recognizable SOURCE scene with its candle and background. The original scene has been replaced, so preservation is absent."
N57,scene_preservation,5,completed,absent,"The SOURCE shows a red Houston Rockets cap on a black tabletop, with a small orange candle behind it and a plain light wall above the table.",The EDITED image shows several lit candles on a wooden surface against a warm-toned background; the red cap and the original tabletop-and-wall scene are not visible.,"The EDITED image depicts a substantially different setting and subject rather than preserving the recognizable SOURCE scene with its candle and background. The original scene has been replaced, so preservation is absent."
N59,C1,1,completed,absent,"A black saucepan sits on the chair seat, near the center-right of the seat; the chair is centered in the image.","The same black saucepan remains on the chair seat in roughly the same position. Several white cup-like objects appear elsewhere, including to the right of the chair, but the saucepan is not visibly relocated there.",The source pot is identifiable as the black saucepan on the chair. In the edited image it remains on the chair rather than being moved to the chair’s right; the separate objects to the right do not count as movement of the source pot.
N59,C1,2,completed,absent,"A black saucepan with a handle sits on the chair seat, near the center-right of the chair.","The chair remains in place. The black saucepan is still on the chair seat, while several white cup-like objects appear elsewhere in the scene.",The source saucepan is identifiable and remains on the chair rather than being visibly relocated to the chair’s right. The additional white objects do not count as movement of the source pot.
N59,C1,3,completed,absent,The source shows a black pot with a handle resting near the center of the wooden chair seat.,"The black handled pot remains on the chair seat near its original position. Several white cup-like objects appear elsewhere, including to the right of the chair, but they are not the source pot.",The identifiable source pot has not been visibly relocated to the right of the source chair; the objects to the chair’s right are different items.
N59,C1,4,completed,absent,"A black saucepan sits near the center of the wooden chair seat, with its handle extending to the left. The chair is centered in the image.","The same black saucepan remains on the chair seat near the center, with its handle extending left. Several white pots appear on the floor to the right, but they are not the source saucepan.","The source pot is identifiable as the black saucepan, and it has not visibly been relocated from its position on the chair. The white pots to the right are different objects, so their placement does not satisfy the requested move."
N59,C1,5,completed,absent,A black saucepan with a handle sits near the center of the wooden chair seat; the chair is centered in the image.,"The chair remains centered. The black saucepan is still on the chair seat near its original position, while several white pots appear to the right and elsewhere; none is clearly the source saucepan relocated to the chair’s right.","The source pot is the black saucepan. In the edited image it remains on the chair rather than being visibly moved to the chair’s right. The white pots to the right are different objects, so their placement does not satisfy the condition."
N59,C2,1,completed,partial,"The source shows a wooden chair centered against a beige wall, with a black pot on its seat; the wall outlet, baseboard, and wood floor are also visible.","The chair and room remain recognizable, but the edited image adds several white pot-like objects around the chair and changes the pot on the seat into a layered-looking arrangement. The wall, outlet, baseboard, and floor are otherwise broadly preserved.","The original scene is still recognizable, but there are substantial unintended additions and alterations to surrounding content beyond simply relocating the pot. This fits partial rather than complete; the scene has not been replaced."
N59,C2,2,completed,partial,"The source shows a wooden chair centered against a beige wall, with a black pot on its seat; the wall outlet, baseboard, and wood floor are also visible.","The chair and room remain recognizable, but the pot is still on the chair seat. Several white cup-like objects have appeared around the chair, including two on the floor to its right and one near the left baseboard; the outlet and other scene details also differ slightly.","The original scene is preserved, but the edited image introduces substantial unintended objects around the chair rather than limiting changes to the requested pot relocation. The pot itself does not appear to have been moved to the right of the chair. This is a substantial surrounding-content change, not a scene replacement."
N59,C2,3,completed,partial,"The source shows a wooden chair centered against a beige wall, with a black pot on its seat; the wall outlet, baseboard, and wood floor are also visible.","The chair and room remain recognizable, but the edited image adds several white cup-like objects around the chair and changes the pot on the seat into a different-looking black-and-white vessel. The wall, outlet, baseboard, and floor are otherwise broadly preserved.","The original scene is still recognizable, so it has not been replaced. However, there are substantial unintended additions and changes to surrounding/object content beyond the requested pot relocation, meeting the partial criterion."
N59,C2,4,completed,partial,"The source shows a wooden chair centered against a beige wall, with a black pot on the chair seat; the hardwood floor, baseboard, and wall outlet are visible.","The chair and room remain recognizable, but the pot is still on the chair seat, now with a white vessel overlapping it. Two additional white vessels appear on the floor to the right, and a small white object appears near the left baseboard.","The original scene is substantially preserved, but there are substantial unintended additions and alterations to surrounding content. The pot has not clearly been relocated to the right of the chair; the extra vessels on the right do not establish that the same pot was moved there."
N59,C2,5,completed,partial,"The source shows a wooden chair centered against a plain beige wall, with a hardwood floor and baseboard, an outlet on the left, and a black pot on the chair seat.","The chair, wall, floor, baseboard, and outlet remain in roughly the same scene and positions. The black pot is still on the chair seat, while several white cup-like objects appear on the floor to the right and other small visual changes are visible.","The original scene remains recognizable, but the pot has not been moved to the right of the chair. The added objects and other differences are substantial unintended changes to surrounding content, though they do not replace the scene."
N64,C1,1,completed,absent,"The source shows a black oven mitt on the floor to the right of the wooden chair, outside the area beneath it.","The edited image shows a dark mitt on the floor to the right of the chair, still outside the area beneath the chair.",The source mitt appears to remain in its original position rather than being moved under the source chair. The under-chair relation is not visible.
N64,C1,2,completed,absent,"The source oven mitt is the black mitt lying on the floor to the right of the wooden chair. The chair is centered in the image, and the mitt is outside its footprint.","The edited image shows a dark mitt on the floor to the right of the chair, still outside the chair’s footprint; no mitt is visibly beneath the chair.","The source mitt remains beside, rather than beneath, the source chair in the edited image. The requested under-chair spatial relation is not visible."
N64,C1,3,completed,absent,The source shows a black oven mitt with a gray cuff on the floor to the right of a wooden chair. The chair is centered in the image.,"The edited image shows a dark mitt on the floor to the right of the chair, still outside the area beneath it. Its appearance differs from the source mitt, so its identity as the same mitt is uncertain.","The source mitt is clearly beside the chair, and the visible mitt in the edited image is also to the chair’s right rather than beneath it. The requested under-chair relation is not shown; the edited mitt’s changed appearance does not establish that the source mitt was moved there."
N64,C1,4,completed,absent,The source shows a black oven mitt with a gray cuff on the floor to the right of the wooden chair. The chair is centered in the image.,"The edited image shows the chair near the center and a dark mitt-like object on the floor to its right, not beneath the chair. The object appears different in shape or appearance from the source mitt, so its identity as the source mitt is uncertain.","The source mitt was clearly beside the chair, and the edited image does not visibly place it under the chair. The visible dark object remains to the chair’s right; even if it is the source mitt, it is not under the chair."
N64,C1,5,completed,absent,The source oven mitt is the black mitt with a gray cuff lying on the floor to the right of the wooden chair. The chair is centered in the image.,"The edited image shows a dark mitt on the floor to the right of the chair, not beneath it. Its appearance differs from the source mitt, and the source mitt is not visibly beneath the chair.","The source mitt is identifiable in SOURCE, but EDITED does not show it under the source chair. The visible mitt remains off to the right, so the required under-chair relation is absent."
N64,C2,1,completed,complete,"The source shows a wooden chair centered against a beige wall, with a wall outlet on the left, a white baseboard, and a wooden floor. A black oven mitt lies on the floor to the chair’s right.","The edited image retains the chair, beige wall, outlet, baseboard, and wooden floor, though the scene is framed more widely and the chair appears smaller. A dark mitt-like object is on the floor to the chair’s right, not under it.",The preservation condition is met: the recognizable source scene and its main unrelated contents remain. The changed framing and scale do not amount to a substantial scene replacement or loss under the stated criteria.
N64,C2,2,completed,complete,"The source shows a wooden chair centered against a beige wall, with a wall outlet to the left, white baseboard, and wood floor. A black oven mitt lies on the floor to the chair’s right.","The edited image retains the same chair, beige wall, outlet, baseboard, and wood floor, though the view is more distant and the chair appears smaller. A dark oven mitt is now on the floor to the chair’s right, near the lower-right edge.",The recognizable source scene and its unrelated contents are preserved. The changed framing and scale do not amount to a substantial scene replacement or loss; the mitt’s position is excluded from this preservation condition.
N64,C2,3,completed,complete,"The source shows a wooden chair centered against a beige wall, with a wall outlet to the left, white baseboard, and wood flooring. A black oven mitt lies on the floor to the chair’s right.","The edited image retains the same chair, beige wall, outlet, baseboard, and wood floor, though the view is more zoomed out. The oven mitt is now on the floor to the chair’s right, farther toward the edge of the image.","The recognizable source scene and its unrelated contents are preserved; the visible difference is the requested relocation of the mitt, with no substantial unintended scene change."
N64,C2,4,completed,complete,"The source shows a wooden chair centered against a beige wall, with a white outlet on the left, a white baseboard, and a light wood floor. A black oven mitt lies on the floor to the chair’s right.","The edited image still shows the same chair, beige wall, left-side outlet, baseboard, and wood floor, though the framing is wider and the chair appears smaller. The oven mitt is now on the floor to the chair’s right, with its shape and color changed in appearance.","The recognizable source scene and its unrelated contents are retained; the visible differences are consistent with the requested mitt relocation and a change in framing. The mitt is positioned beside the chair rather than in its original location, and there is no substantial unintended loss or replacement of the scene."
N64,C2,5,completed,complete,"The source shows a wooden chair centered against a beige wall, with a baseboard, wall outlet, and wood floor. A black oven mitt lies on the floor to the chair’s right.","The edited image retains the same chair, beige wall, outlet, baseboard, and wood floor, though the scene is framed more widely. A dark mitt-like object is visible on the floor to the chair’s right; the overall setting and unrelated contents remain recognizable.","The source scene is recognizably preserved, including the chair and surrounding setting. The framing differs, and the mitt appears repositioned on the floor to the chair’s right, but there is no substantial unintended change or loss of unrelated scene content."
